pmid,pt
4551177,"<PublicationTypeList>  <PublicationType UI=""D016428"">Journal Article</PublicationType></PublicationTypeList>"
4551178,"<PublicationTypeList>  <PublicationType UI=""D016428"">Journal Article</PublicationType></PublicationTypeList>"
4551179,"<PublicationTypeList>  <PublicationType UI=""D016428"">Journal Article</PublicationType></PublicationTypeList>"
4551180,"<PublicationTypeList>  <PublicationType UI=""D016428"">Journal Article</PublicationType></PublicationTypeList>"
4551181,"<PublicationTypeList>  <PublicationType UI=""D016428"">Journal Article</PublicationType></PublicationTypeList>"
4551182,"<PublicationTypeList>  <PublicationType UI=""D016428"">Journal Article</PublicationType></PublicationTypeList>"
4551183,"<PublicationTypeList>  <PublicationType UI=""D016428"">Journal Article</PublicationType></PublicationTypeList>"
4551223,"<PublicationTypeList>  <PublicationType UI=""D016428"">Journal Article</PublicationType></PublicationTypeList>"
4551224,"<PublicationTypeList>  <PublicationType UI=""D016428"">Journal Article</PublicationType></PublicationTypeList>"
4551225,"<PublicationTypeList>  <PublicationType UI=""D016428"">Journal Article</PublicationType></PublicationTypeList>"
4551226,"<PublicationTypeList>  <PublicationType UI=""D016428"">Journal Article</PublicationType></PublicationTypeList>"
4551227,"<PublicationTypeList>  <PublicationType UI=""D016428"">Journal Article</PublicationType></PublicationTypeList>"
4551228,"<PublicationTypeList>  <PublicationType UI=""D016428"">Journal Article</PublicationType></PublicationTypeList>"
4551229,"<PublicationTypeList>  <PublicationType UI=""D016428"">Journal Article</PublicationType></PublicationTypeList>"
4551230,"<PublicationTypeList>  <PublicationType UI=""D016428"">Journal Article</PublicationType></PublicationTypeList>"
4551426,"<PublicationTypeList>  <PublicationType UI=""D016428"">Journal Article</PublicationType></PublicationTypeList>"
4551427,"<PublicationTypeList>  <PublicationType UI=""D016428"">Journal Article</PublicationType></PublicationTypeList>"
4551486,"<PublicationTypeList>  <PublicationType UI=""D016428"">Journal Article</PublicationType></PublicationTypeList>"
4551487,"<PublicationTypeList>  <PublicationType UI=""D016428"">Journal Article</PublicationType></PublicationTypeList>"
4551488,"<PublicationTypeList>  <PublicationType UI=""D016428"">Journal Article</PublicationType></PublicationTypeList>"
4551520,"<PublicationTypeList>  <PublicationType UI=""D016428"">Journal Article</PublicationType></PublicationTypeList>"
4551521,"<PublicationTypeList>  <PublicationType UI=""D016428"">Journal Article</PublicationType></PublicationTypeList>"
4551522,"<PublicationTypeList>  <PublicationType UI=""D016428"">Journal Article</PublicationType></PublicationTypeList>"
4551523,"<PublicationTypeList>  <PublicationType UI=""D016428"">Journal Article</PublicationType></PublicationTypeList>"
4551524,"<PublicationTypeList>  <PublicationType UI=""D016428"">Journal Article</PublicationType></PublicationTypeList>"
4551525,"<PublicationTypeList>  <PublicationType UI=""D016428"">Journal Article</PublicationType></PublicationTypeList>"
4551637,"<PublicationTypeList>  <PublicationType UI=""D016428"">Journal Article</PublicationType></PublicationTypeList>"
4551638,"<PublicationTypeList>  <PublicationType UI=""D016428"">Journal Article</PublicationType></PublicationTypeList>"
4551639,"<PublicationTypeList>  <PublicationType UI=""D016428"">Journal Article</PublicationType></PublicationTypeList>"
4551640,"<PublicationTypeList>  <PublicationType UI=""D016428"">Journal Article</PublicationType></PublicationTypeList>"
4551641,"<PublicationTypeList>  <PublicationType UI=""D016428"">Journal Article</PublicationType></PublicationTypeList>"
4551642,"<PublicationTypeList>  <PublicationType UI=""D016428"">Journal Article</PublicationType></PublicationTypeList>"
4551643,"<PublicationTypeList>  <PublicationType UI=""D016428"">Journal Article</PublicationType></PublicationTypeList>"
4551644,"<PublicationTypeList>  <PublicationType UI=""D016428"">Journal Article</PublicationType></PublicationTypeList>"
4551645,"<PublicationTypeList>  <PublicationType UI=""D016428"">Journal Article</PublicationType></PublicationTypeList>"
4551646,"<PublicationTypeList>  <PublicationType UI=""D016428"">Journal Article</PublicationType></PublicationTypeList>"
4551647,"<PublicationTypeList>  <PublicationType UI=""D016428"">Journal Article</PublicationType></PublicationTypeList>"
4551648,"<PublicationTypeList>  <PublicationType UI=""D016428"">Journal Article</PublicationType></PublicationTypeList>"
4552156,"<PublicationTypeList>  <PublicationType UI=""D016428"">Journal Article</PublicationType></PublicationTypeList>"
4552157,"<PublicationTypeList>  <PublicationType UI=""D016428"">Journal Article</PublicationType></PublicationTypeList>"
4552158,"<PublicationTypeList>  <PublicationType UI=""D016428"">Journal Article</PublicationType></PublicationTypeList>"
4552159,"<PublicationTypeList>  <PublicationType UI=""D016428"">Journal Article</PublicationType></PublicationTypeList>"
4552160,"<PublicationTypeList>  <PublicationType UI=""D016428"">Journal Article</PublicationType></PublicationTypeList>"
4552161,"<PublicationTypeList>  <PublicationType UI=""D016428"">Journal Article</PublicationType></PublicationTypeList>"
4552162,"<PublicationTypeList>  <PublicationType UI=""D016428"">Journal Article</PublicationType></PublicationTypeList>"
4552163,"<PublicationTypeList>  <PublicationType UI=""D016428"">Journal Article</PublicationType></PublicationTypeList>"
4552164,"<PublicationTypeList>  <PublicationType UI=""D016428"">Journal Article</PublicationType></PublicationTypeList>"
4552165,"<PublicationTypeList>  <PublicationType UI=""D016428"">Journal Article</PublicationType></PublicationTypeList>"
4553457,"<PublicationTypeList>  <PublicationType UI=""D016428"">Journal Article</PublicationType></PublicationTypeList>"
4553458,"<PublicationTypeList>  <PublicationType UI=""D016428"">Journal Article</PublicationType></PublicationTypeList>"
4553459,"<PublicationTypeList>  <PublicationType UI=""D016428"">Journal Article</PublicationType></PublicationTypeList>"
4553538,"<PublicationTypeList>  <PublicationType UI=""D016428"">Journal Article</PublicationType></PublicationTypeList>"
4553539,"<PublicationTypeList>  <PublicationType UI=""D016428"">Journal Article</PublicationType></PublicationTypeList>"
4553540,"<PublicationTypeList>  <PublicationType UI=""D016428"">Journal Article</PublicationType></PublicationTypeList>"
4553541,"<PublicationTypeList>  <PublicationType UI=""D016428"">Journal Article</PublicationType></PublicationTypeList>"
4553542,"<PublicationTypeList>  <PublicationType UI=""D016428"">Journal Article</PublicationType></PublicationTypeList>"
4553543,"<PublicationTypeList>  <PublicationType UI=""D016428"">Journal Article</PublicationType></PublicationTypeList>"
4553544,"<PublicationTypeList>  <PublicationType UI=""D016428"">Journal Article</PublicationType></PublicationTypeList>"
4553545,"<PublicationTypeList>  <PublicationType UI=""D016428"">Journal Article</PublicationType></PublicationTypeList>"
4553546,"<PublicationTypeList>  <PublicationType UI=""D016428"">Journal Article</PublicationType></PublicationTypeList>"
4553633,"<PublicationTypeList>  <PublicationType UI=""D016428"">Journal Article</PublicationType></PublicationTypeList>"
4553634,"<PublicationTypeList>  <PublicationType UI=""D016428"">Journal Article</PublicationType></PublicationTypeList>"
4553635,"<PublicationTypeList>  <PublicationType UI=""D016428"">Journal Article</PublicationType></PublicationTypeList>"
4553636,"<PublicationTypeList>  <PublicationType UI=""D016428"">Journal Article</PublicationType></PublicationTypeList>"
4553637,"<PublicationTypeList>  <PublicationType UI=""D016428"">Journal Article</PublicationType></PublicationTypeList>"
4553638,"<PublicationTypeList>  <PublicationType UI=""D016428"">Journal Article</PublicationType></PublicationTypeList>"
4553639,"<PublicationTypeList>  <PublicationType UI=""D016428"">Journal Article</PublicationType></PublicationTypeList>"
4553640,"<PublicationTypeList>  <PublicationType UI=""D016428"">Journal Article</PublicationType></PublicationTypeList>"
4553641,"<PublicationTypeList>  <PublicationType UI=""D016428"">Journal Article</PublicationType></PublicationTypeList>"
4553642,"<PublicationTypeList>  <PublicationType UI=""D016428"">Journal Article</PublicationType></PublicationTypeList>"
4553643,"<PublicationTypeList>  <PublicationType UI=""D016428"">Journal Article</PublicationType></PublicationTypeList>"
4553644,"<PublicationTypeList>  <PublicationType UI=""D016428"">Journal Article</PublicationType></PublicationTypeList>"
4553645,"<PublicationTypeList>  <PublicationType UI=""D016428"">Journal Article</PublicationType></PublicationTypeList>"
4553646,"<PublicationTypeList>  <PublicationType UI=""D016428"">Journal Article</PublicationType></PublicationTypeList>"
4553647,"<PublicationTypeList>  <PublicationType UI=""D016428"">Journal Article</PublicationType></PublicationTypeList>"
4553648,"<PublicationTypeList>  <PublicationType UI=""D016428"">Journal Article</PublicationType></PublicationTypeList>"
4553687,"<PublicationTypeList>  <PublicationType UI=""D016428"">Journal Article</PublicationType></PublicationTypeList>"
4553688,"<PublicationTypeList>  <PublicationType UI=""D016428"">Journal Article</PublicationType></PublicationTypeList>"
4553689,"<PublicationTypeList>  <PublicationType UI=""D016428"">Journal Article</PublicationType></PublicationTypeList>"
4553690,"<PublicationTypeList>  <PublicationType UI=""D016428"">Journal Article</PublicationType></PublicationTypeList>"
4553691,"<PublicationTypeList>  <PublicationType UI=""D016428"">Journal Article</PublicationType></PublicationTypeList>"
4553692,"<PublicationTypeList>  <PublicationType UI=""D016428"">Journal Article</PublicationType></PublicationTypeList>"
4553693,"<PublicationTypeList>  <PublicationType UI=""D016428"">Journal Article</PublicationType></PublicationTypeList>"
4553694,"<PublicationTypeList>  <PublicationType UI=""D016428"">Journal Article</PublicationType></PublicationTypeList>"
4553695,"<PublicationTypeList>  <PublicationType UI=""D016428"">Journal Article</PublicationType></PublicationTypeList>"
4553696,"<PublicationTypeList>  <PublicationType UI=""D016428"">Journal Article</PublicationType></PublicationTypeList>"
4553697,"<PublicationTypeList>  <PublicationType UI=""D016428"">Journal Article</PublicationType></PublicationTypeList>"
4553698,"<PublicationTypeList>  <PublicationType UI=""D016428"">Journal Article</PublicationType></PublicationTypeList>"
4553699,"<PublicationTypeList>  <PublicationType UI=""D016428"">Journal Article</PublicationType></PublicationTypeList>"
4554613,"<PublicationTypeList>  <PublicationType UI=""D016428"">Journal Article</PublicationType></PublicationTypeList>"
4555358,"<PublicationTypeList>  <PublicationType UI=""D016428"">Journal Article</PublicationType></PublicationTypeList>"
4555359,"<PublicationTypeList>  <PublicationType UI=""D016428"">Journal Article</PublicationType></PublicationTypeList>"
4555360,"<PublicationTypeList>  <PublicationType UI=""D016428"">Journal Article</PublicationType></PublicationTypeList>"
4555361,"<PublicationTypeList>  <PublicationType UI=""D016428"">Journal Article</PublicationType></PublicationTypeList>"
4555362,"<PublicationTypeList>  <PublicationType UI=""D016428"">Journal Article</PublicationType></PublicationTypeList>"
4555363,"<PublicationTypeList>  <PublicationType UI=""D016428"">Journal Article</PublicationType></PublicationTypeList>"
4555364,"<PublicationTypeList>  <PublicationType UI=""D016428"">Journal Article</PublicationType></PublicationTypeList>"
4555365,"<PublicationTypeList>  <PublicationType UI=""D016428"">Journal Article</PublicationType></PublicationTypeList>"
4555366,"<PublicationTypeList>  <PublicationType UI=""D016428"">Journal Article</PublicationType></PublicationTypeList>"
4555434,"<PublicationTypeList>  <PublicationType UI=""D016428"">Journal Article</PublicationType></PublicationTypeList>"
4555435,"<PublicationTypeList>  <PublicationType UI=""D016428"">Journal Article</PublicationType></PublicationTypeList>"
4555436,"<PublicationTypeList>  <PublicationType UI=""D016428"">Journal Article</PublicationType></PublicationTypeList>"
4555437,"<PublicationTypeList>  <PublicationType UI=""D016428"">Journal Article</PublicationType></PublicationTypeList>"
4555438,"<PublicationTypeList>  <PublicationType UI=""D016428"">Journal Article</PublicationType></PublicationTypeList>"
4555439,"<PublicationTypeList>  <PublicationType UI=""D016428"">Journal Article</PublicationType></PublicationTypeList>"
4555440,"<PublicationTypeList>  <PublicationType UI=""D016428"">Journal Article</PublicationType></PublicationTypeList>"
4555441,"<PublicationTypeList>  <PublicationType UI=""D016428"">Journal Article</PublicationType></PublicationTypeList>"
4555442,"<PublicationTypeList>  <PublicationType UI=""D016428"">Journal Article</PublicationType></PublicationTypeList>"
4555443,"<PublicationTypeList>  <PublicationType UI=""D016428"">Journal Article</PublicationType></PublicationTypeList>"
4555444,"<PublicationTypeList>  <PublicationType UI=""D016428"">Journal Article</PublicationType></PublicationTypeList>"
4555445,"<PublicationTypeList>  <PublicationType UI=""D016428"">Journal Article</PublicationType></PublicationTypeList>"
4555446,"<PublicationTypeList>  <PublicationType UI=""D016428"">Journal Article</PublicationType></PublicationTypeList>"
4555447,"<PublicationTypeList>  <PublicationType UI=""D016428"">Journal Article</PublicationType></PublicationTypeList>"
4555448,"<PublicationTypeList>  <PublicationType UI=""D016428"">Journal Article</PublicationType></PublicationTypeList>"
4555506,"<PublicationTypeList>  <PublicationType UI=""D016428"">Journal Article</PublicationType></PublicationTypeList>"
4555507,"<PublicationTypeList>  <PublicationType UI=""D016428"">Journal Article</PublicationType></PublicationTypeList>"
4555508,"<PublicationTypeList>  <PublicationType UI=""D016428"">Journal Article</PublicationType></PublicationTypeList>"
4555509,"<PublicationTypeList>  <PublicationType UI=""D016428"">Journal Article</PublicationType></PublicationTypeList>"
4555510,"<PublicationTypeList>  <PublicationType UI=""D016428"">Journal Article</PublicationType></PublicationTypeList>"
4555511,"<PublicationTypeList>  <PublicationType UI=""D016428"">Journal Article</PublicationType></PublicationTypeList>"
4555512,"<PublicationTypeList>  <PublicationType UI=""D016428"">Journal Article</PublicationType></PublicationTypeList>"
4555921,"<PublicationTypeList>  <PublicationType UI=""D016428"">Journal Article</PublicationType></PublicationTypeList>"
4555980,"<PublicationTypeList>  <PublicationType UI=""D016428"">Journal Article</PublicationType></PublicationTypeList>"
4555981,"<PublicationTypeList>  <PublicationType UI=""D016428"">Journal Article</PublicationType></PublicationTypeList>"
4555982,"<PublicationTypeList>  <PublicationType UI=""D016428"">Journal Article</PublicationType></PublicationTypeList>"
4556284,"<PublicationTypeList>  <PublicationType UI=""D016428"">Journal Article</PublicationType></PublicationTypeList>"
4556285,"<PublicationTypeList>  <PublicationType UI=""D016428"">Journal Article</PublicationType></PublicationTypeList>"
4557320,"<PublicationTypeList>  <PublicationType UI=""D016428"">Journal Article</PublicationType></PublicationTypeList>"
4557321,"<PublicationTypeList>  <PublicationType UI=""D016428"">Journal Article</PublicationType></PublicationTypeList>"
4557322,"<PublicationTypeList>  <PublicationType UI=""D016428"">Journal Article</PublicationType></PublicationTypeList>"
4557323,"<PublicationTypeList>  <PublicationType UI=""D016428"">Journal Article</PublicationType></PublicationTypeList>"
4557324,"<PublicationTypeList>  <PublicationType UI=""D016428"">Journal Article</PublicationType></PublicationTypeList>"
4557325,"<PublicationTypeList>  <PublicationType UI=""D016428"">Journal Article</PublicationType></PublicationTypeList>"
4557326,"<PublicationTypeList>  <PublicationType UI=""D016428"">Journal Article</PublicationType></PublicationTypeList>"
4557327,"<PublicationTypeList>  <PublicationType UI=""D016428"">Journal Article</PublicationType></PublicationTypeList>"
4557328,"<PublicationTypeList>  <PublicationType UI=""D016428"">Journal Article</PublicationType></PublicationTypeList>"
4557340,"<PublicationTypeList>  <PublicationType UI=""D016428"">Journal Article</PublicationType></PublicationTypeList>"
4557395,"<PublicationTypeList>  <PublicationType UI=""D016428"">Journal Article</PublicationType></PublicationTypeList>"
4557396,"<PublicationTypeList>  <PublicationType UI=""D016428"">Journal Article</PublicationType></PublicationTypeList>"
4557397,"<PublicationTypeList>  <PublicationType UI=""D016428"">Journal Article</PublicationType></PublicationTypeList>"
4557398,"<PublicationTypeList>  <PublicationType UI=""D016428"">Journal Article</PublicationType></PublicationTypeList>"
4557399,"<PublicationTypeList>  <PublicationType UI=""D016428"">Journal Article</PublicationType></PublicationTypeList>"
4557400,"<PublicationTypeList>  <PublicationType UI=""D016428"">Journal Article</PublicationType></PublicationTypeList>"
4557401,"<PublicationTypeList>  <PublicationType UI=""D016428"">Journal Article</PublicationType></PublicationTypeList>"
4557402,"<PublicationTypeList>  <PublicationType UI=""D016428"">Journal Article</PublicationType></PublicationTypeList>"
4557403,"<PublicationTypeList>  <PublicationType UI=""D016428"">Journal Article</PublicationType></PublicationTypeList>"
4557404,"<PublicationTypeList>  <PublicationType UI=""D016428"">Journal Article</PublicationType></PublicationTypeList>"
4557405,"<PublicationTypeList>  <PublicationType UI=""D016428"">Journal Article</PublicationType></PublicationTypeList>"
4557406,"<PublicationTypeList>  <PublicationType UI=""D016428"">Journal Article</PublicationType></PublicationTypeList>"
4557461,"<PublicationTypeList>  <PublicationType UI=""D016428"">Journal Article</PublicationType></PublicationTypeList>"
4557462,"<PublicationTypeList>  <PublicationType UI=""D016428"">Journal Article</PublicationType></PublicationTypeList>"
4557463,"<PublicationTypeList>  <PublicationType UI=""D016428"">Journal Article</PublicationType></PublicationTypeList>"
4557464,"<PublicationTypeList>  <PublicationType UI=""D016428"">Journal Article</PublicationType></PublicationTypeList>"
4557465,"<PublicationTypeList>  <PublicationType UI=""D016428"">Journal Article</PublicationType></PublicationTypeList>"
4557466,"<PublicationTypeList>  <PublicationType UI=""D016428"">Journal Article</PublicationType></PublicationTypeList>"
4557467,"<PublicationTypeList>  <PublicationType UI=""D016428"">Journal Article</PublicationType></PublicationTypeList>"
4557468,"<PublicationTypeList>  <PublicationType UI=""D016428"">Journal Article</PublicationType></PublicationTypeList>"
4557469,"<PublicationTypeList>  <PublicationType UI=""D016428"">Journal Article</PublicationType></PublicationTypeList>"
4557470,"<PublicationTypeList>  <PublicationType UI=""D016428"">Journal Article</PublicationType></PublicationTypeList>"
4557471,"<PublicationTypeList>  <PublicationType UI=""D016428"">Journal Article</PublicationType></PublicationTypeList>"
4557472,"<PublicationTypeList>  <PublicationType UI=""D016428"">Journal Article</PublicationType></PublicationTypeList>"
4557473,"<PublicationTypeList>  <PublicationType UI=""D016428"">Journal Article</PublicationType></PublicationTypeList>"
4557474,"<PublicationTypeList>  <PublicationType UI=""D016428"">Journal Article</PublicationType></PublicationTypeList>"
4557475,"<PublicationTypeList>  <PublicationType UI=""D016428"">Journal Article</PublicationType></PublicationTypeList>"
4557476,"<PublicationTypeList>  <PublicationType UI=""D016428"">Journal Article</PublicationType></PublicationTypeList>"
4557477,"<PublicationTypeList>  <PublicationType UI=""D016428"">Journal Article</PublicationType></PublicationTypeList>"
4557490,"<PublicationTypeList>  <PublicationType UI=""D016428"">Journal Article</PublicationType></PublicationTypeList>"
4557721,"<PublicationTypeList>  <PublicationType UI=""D016428"">Journal Article</PublicationType></PublicationTypeList>"
4557781,"<PublicationTypeList>  <PublicationType UI=""D016428"">Journal Article</PublicationType></PublicationTypeList>"
4557782,"<PublicationTypeList>  <PublicationType UI=""D016428"">Journal Article</PublicationType></PublicationTypeList>"
4557783,"<PublicationTypeList>  <PublicationType UI=""D016428"">Journal Article</PublicationType></PublicationTypeList>"
4557784,"<PublicationTypeList>  <PublicationType UI=""D016428"">Journal Article</PublicationType></PublicationTypeList>"
4557785,"<PublicationTypeList>  <PublicationType UI=""D016428"">Journal Article</PublicationType></PublicationTypeList>"
4557786,"<PublicationTypeList>  <PublicationType UI=""D016428"">Journal Article</PublicationType></PublicationTypeList>"
4557787,"<PublicationTypeList>  <PublicationType UI=""D016428"">Journal Article</PublicationType></PublicationTypeList>"
4557788,"<PublicationTypeList>  <PublicationType UI=""D016428"">Journal Article</PublicationType></PublicationTypeList>"
4557789,"<PublicationTypeList>  <PublicationType UI=""D016428"">Journal Article</PublicationType></PublicationTypeList>"
4557790,"<PublicationTypeList>  <PublicationType UI=""D016428"">Journal Article</PublicationType></PublicationTypeList>"
4557791,"<PublicationTypeList>  <PublicationType UI=""D016428"">Journal Article</PublicationType></PublicationTypeList>"
4558348,"<PublicationTypeList>  <PublicationType UI=""D016428"">Journal Article</PublicationType></PublicationTypeList>"
4558349,"<PublicationTypeList>  <PublicationType UI=""D016428"">Journal Article</PublicationType></PublicationTypeList>"
4558350,"<PublicationTypeList>  <PublicationType UI=""D016428"">Journal Article</PublicationType></PublicationTypeList>"
4558351,"<PublicationTypeList>  <PublicationType UI=""D016428"">Journal Article</PublicationType></PublicationTypeList>"
4558352,"<PublicationTypeList>  <PublicationType UI=""D016428"">Journal Article</PublicationType></PublicationTypeList>"
4558353,"<PublicationTypeList>  <PublicationType UI=""D016428"">Journal Article</PublicationType></PublicationTypeList>"
4558354,"<PublicationTypeList>  <PublicationType UI=""D016428"">Journal Article</PublicationType></PublicationTypeList>"
4558355,"<PublicationTypeList>  <PublicationType UI=""D016428"">Journal Article</PublicationType></PublicationTypeList>"
4558356,"<PublicationTypeList>  <PublicationType UI=""D016428"">Journal Article</PublicationType></PublicationTypeList>"
4558451,"<PublicationTypeList>  <PublicationType UI=""D016428"">Journal Article</PublicationType></PublicationTypeList>"
4558452,"<PublicationTypeList>  <PublicationType UI=""D016428"">Journal Article</PublicationType></PublicationTypeList>"
4558453,"<PublicationTypeList>  <PublicationType UI=""D016428"">Journal Article</PublicationType></PublicationTypeList>"
4558454,"<PublicationTypeList>  <PublicationType UI=""D016428"">Journal Article</PublicationType></PublicationTypeList>"
4558455,"<PublicationTypeList>  <PublicationType UI=""D016428"">Journal Article</PublicationType></PublicationTypeList>"
4558456,"<PublicationTypeList>  <PublicationType UI=""D016428"">Journal Article</PublicationType></PublicationTypeList>"
4558457,"<PublicationTypeList>  <PublicationType UI=""D016428"">Journal Article</PublicationType></PublicationTypeList>"
4558458,"<PublicationTypeList>  <PublicationType UI=""D016428"">Journal Article</PublicationType></PublicationTypeList>"
4558459,"<PublicationTypeList>  <PublicationType UI=""D016428"">Journal Article</PublicationType></PublicationTypeList>"
4558460,"<PublicationTypeList>  <PublicationType UI=""D016428"">Journal Article</PublicationType></PublicationTypeList>"
4558461,"<PublicationTypeList>  <PublicationType UI=""D016428"">Journal Article</PublicationType></PublicationTypeList>"
4558462,"<PublicationTypeList>  <PublicationType UI=""D016428"">Journal Article</PublicationType></PublicationTypeList>"
4558463,"<PublicationTypeList>  <PublicationType UI=""D016428"">Journal Article</PublicationType></PublicationTypeList>"
4558464,"<PublicationTypeList>  <PublicationType UI=""D016428"">Journal Article</PublicationType></PublicationTypeList>"
4558554,"<PublicationTypeList>  <PublicationType UI=""D016428"">Journal Article</PublicationType></PublicationTypeList>"
4558555,"<PublicationTypeList>  <PublicationType UI=""D016428"">Journal Article</PublicationType></PublicationTypeList>"
4558556,"<PublicationTypeList>  <PublicationType UI=""D016428"">Journal Article</PublicationType></PublicationTypeList>"
4558557,"<PublicationTypeList>  <PublicationType UI=""D016428"">Journal Article</PublicationType></PublicationTypeList>"
4558558,"<PublicationTypeList>  <PublicationType UI=""D016428"">Journal Article</PublicationType></PublicationTypeList>"
4558559,"<PublicationTypeList>  <PublicationType UI=""D016428"">Journal Article</PublicationType></PublicationTypeList>"
4558560,"<PublicationTypeList>  <PublicationType UI=""D016428"">Journal Article</PublicationType></PublicationTypeList>"
4558561,"<PublicationTypeList>  <PublicationType UI=""D016428"">Journal Article</PublicationType></PublicationTypeList>"
4558562,"<PublicationTypeList>  <PublicationType UI=""D016428"">Journal Article</PublicationType></PublicationTypeList>"
4558563,"<PublicationTypeList>  <PublicationType UI=""D016428"">Journal Article</PublicationType></PublicationTypeList>"
4558564,"<PublicationTypeList>  <PublicationType UI=""D016428"">Journal Article</PublicationType></PublicationTypeList>"
4558565,"<PublicationTypeList>  <PublicationType UI=""D016428"">Journal Article</PublicationType></PublicationTypeList>"
4558566,"<PublicationTypeList>  <PublicationType UI=""D016428"">Journal Article</PublicationType></PublicationTypeList>"
4558567,"<PublicationTypeList>  <PublicationType UI=""D016428"">Journal Article</PublicationType></PublicationTypeList>"
4558568,"<PublicationTypeList>  <PublicationType UI=""D016428"">Journal Article</PublicationType></PublicationTypeList>"
4558902,"<PublicationTypeList>  <PublicationType UI=""D016428"">Journal Article</PublicationType></PublicationTypeList>"
4558903,"<PublicationTypeList>  <PublicationType UI=""D016428"">Journal Article</PublicationType></PublicationTypeList>"
4559580,"<PublicationTypeList>  <PublicationType UI=""D016428"">Journal Article</PublicationType></PublicationTypeList>"
4559581,"<PublicationTypeList>  <PublicationType UI=""D016428"">Journal Article</PublicationType></PublicationTypeList>"
4559582,"<PublicationTypeList>  <PublicationType UI=""D016428"">Journal Article</PublicationType></PublicationTypeList>"
4559583,"<PublicationTypeList>  <PublicationType UI=""D016428"">Journal Article</PublicationType></PublicationTypeList>"
4559584,"<PublicationTypeList>  <PublicationType UI=""D016428"">Journal Article</PublicationType></PublicationTypeList>"
4559585,"<PublicationTypeList>  <PublicationType UI=""D016428"">Journal Article</PublicationType></PublicationTypeList>"
4559586,"<PublicationTypeList>  <PublicationType UI=""D016428"">Journal Article</PublicationType></PublicationTypeList>"
4559587,"<PublicationTypeList>  <PublicationType UI=""D016428"">Journal Article</PublicationType></PublicationTypeList>"
4559588,"<PublicationTypeList>  <PublicationType UI=""D016428"">Journal Article</PublicationType></PublicationTypeList>"
4559589,"<PublicationTypeList>  <PublicationType UI=""D016428"">Journal Article</PublicationType></PublicationTypeList>"
4560057,"<PublicationTypeList>  <PublicationType UI=""D016428"">Journal Article</PublicationType></PublicationTypeList>"
4560238,"<PublicationTypeList>  <PublicationType UI=""D016428"">Journal Article</PublicationType></PublicationTypeList>"
4560879,"<PublicationTypeList>  <PublicationType UI=""D016428"">Journal Article</PublicationType></PublicationTypeList>"
4561835,"<PublicationTypeList>  <PublicationType UI=""D016428"">Journal Article</PublicationType></PublicationTypeList>"
4561836,"<PublicationTypeList>  <PublicationType UI=""D016428"">Journal Article</PublicationType></PublicationTypeList>"
4561837,"<PublicationTypeList>  <PublicationType UI=""D016428"">Journal Article</PublicationType></PublicationTypeList>"
4561838,"<PublicationTypeList>  <PublicationType UI=""D016428"">Journal Article</PublicationType></PublicationTypeList>"
4561839,"<PublicationTypeList>  <PublicationType UI=""D016428"">Journal Article</PublicationType></PublicationTypeList>"
4561840,"<PublicationTypeList>  <PublicationType UI=""D016428"">Journal Article</PublicationType></PublicationTypeList>"
4561841,"<PublicationTypeList>  <PublicationType UI=""D016428"">Journal Article</PublicationType></PublicationTypeList>"
4561842,"<PublicationTypeList>  <PublicationType UI=""D016428"">Journal Article</PublicationType></PublicationTypeList>"
4561843,"<PublicationTypeList>  <PublicationType UI=""D016428"">Journal Article</PublicationType></PublicationTypeList>"
4561844,"<PublicationTypeList>  <PublicationType UI=""D016428"">Journal Article</PublicationType></PublicationTypeList>"
4561845,"<PublicationTypeList>  <PublicationType UI=""D016428"">Journal Article</PublicationType></PublicationTypeList>"
4561846,"<PublicationTypeList>  <PublicationType UI=""D016428"">Journal Article</PublicationType></PublicationTypeList>"
4561847,"<PublicationTypeList>  <PublicationType UI=""D016428"">Journal Article</PublicationType></PublicationTypeList>"
4561848,"<PublicationTypeList>  <PublicationType UI=""D016428"">Journal Article</PublicationType></PublicationTypeList>"
4561849,"<PublicationTypeList>  <PublicationType UI=""D016428"">Journal Article</PublicationType></PublicationTypeList>"
4561850,"<PublicationTypeList>  <PublicationType UI=""D016428"">Journal Article</PublicationType></PublicationTypeList>"
4561851,"<PublicationTypeList>  <PublicationType UI=""D016428"">Journal Article</PublicationType></PublicationTypeList>"
4561852,"<PublicationTypeList>  <PublicationType UI=""D016428"">Journal Article</PublicationType></PublicationTypeList>"
4561853,"<PublicationTypeList>  <PublicationType UI=""D016428"">Journal Article</PublicationType></PublicationTypeList>"
4561854,"<PublicationTypeList>  <PublicationType UI=""D016428"">Journal Article</PublicationType></PublicationTypeList>"
4561855,"<PublicationTypeList>  <PublicationType UI=""D016428"">Journal Article</PublicationType></PublicationTypeList>"
4561856,"<PublicationTypeList>  <PublicationType UI=""D016428"">Journal Article</PublicationType></PublicationTypeList>"
4561857,"<PublicationTypeList>  <PublicationType UI=""D016428"">Journal Article</PublicationType></PublicationTypeList>"
4561858,"<PublicationTypeList>  <PublicationType UI=""D016428"">Journal Article</PublicationType></PublicationTypeList>"
4561859,"<PublicationTypeList>  <PublicationType UI=""D016428"">Journal Article</PublicationType></PublicationTypeList>"
4561860,"<PublicationTypeList>  <PublicationType UI=""D016428"">Journal Article</PublicationType></PublicationTypeList>"
4561957,"<PublicationTypeList>  <PublicationType UI=""D016428"">Journal Article</PublicationType></PublicationTypeList>"
4561958,"<PublicationTypeList>  <PublicationType UI=""D016428"">Journal Article</PublicationType></PublicationTypeList>"
4561959,"<PublicationTypeList>  <PublicationType UI=""D016428"">Journal Article</PublicationType></PublicationTypeList>"
4561960,"<PublicationTypeList>  <PublicationType UI=""D016428"">Journal Article</PublicationType></PublicationTypeList>"
4561961,"<PublicationTypeList>  <PublicationType UI=""D016428"">Journal Article</PublicationType></PublicationTypeList>"
4561962,"<PublicationTypeList>  <PublicationType UI=""D016428"">Journal Article</PublicationType></PublicationTypeList>"
4561963,"<PublicationTypeList>  <PublicationType UI=""D016428"">Journal Article</PublicationType></PublicationTypeList>"
4561964,"<PublicationTypeList>  <PublicationType UI=""D016428"">Journal Article</PublicationType></PublicationTypeList>"
4561965,"<PublicationTypeList>  <PublicationType UI=""D016428"">Journal Article</PublicationType></PublicationTypeList>"
4561966,"<PublicationTypeList>  <PublicationType UI=""D016428"">Journal Article</PublicationType></PublicationTypeList>"
4561967,"<PublicationTypeList>  <PublicationType UI=""D016428"">Journal Article</PublicationType></PublicationTypeList>"
4561968,"<PublicationTypeList>  <PublicationType UI=""D016428"">Journal Article</PublicationType></PublicationTypeList>"
4561969,"<PublicationTypeList>  <PublicationType UI=""D016428"">Journal Article</PublicationType></PublicationTypeList>"
4562029,"<PublicationTypeList>  <PublicationType UI=""D016428"">Journal Article</PublicationType></PublicationTypeList>"
4562030,"<PublicationTypeList>  <PublicationType UI=""D016428"">Journal Article</PublicationType></PublicationTypeList>"
4562031,"<PublicationTypeList>  <PublicationType UI=""D016428"">Journal Article</PublicationType></PublicationTypeList>"
4562032,"<PublicationTypeList>  <PublicationType UI=""D016428"">Journal Article</PublicationType></PublicationTypeList>"
4562033,"<PublicationTypeList>  <PublicationType UI=""D016428"">Journal Article</PublicationType></PublicationTypeList>"
4562034,"<PublicationTypeList>  <PublicationType UI=""D016428"">Journal Article</PublicationType></PublicationTypeList>"
4562035,"<PublicationTypeList>  <PublicationType UI=""D016428"">Journal Article</PublicationType></PublicationTypeList>"
4562036,"<PublicationTypeList>  <PublicationType UI=""D016428"">Journal Article</PublicationType></PublicationTypeList>"
4562048,"<PublicationTypeList>  <PublicationType UI=""D016428"">Journal Article</PublicationType></PublicationTypeList>"
4562105,"<PublicationTypeList>  <PublicationType UI=""D016428"">Journal Article</PublicationType></PublicationTypeList>"
4562106,"<PublicationTypeList>  <PublicationType UI=""D016428"">Journal Article</PublicationType></PublicationTypeList>"
4562107,"<PublicationTypeList>  <PublicationType UI=""D016428"">Journal Article</PublicationType></PublicationTypeList>"
4562108,"<PublicationTypeList>  <PublicationType UI=""D016428"">Journal Article</PublicationType></PublicationTypeList>"
4562109,"<PublicationTypeList>  <PublicationType UI=""D016428"">Journal Article</PublicationType></PublicationTypeList>"
4562110,"<PublicationTypeList>  <PublicationType UI=""D016428"">Journal Article</PublicationType></PublicationTypeList>"
4562254,"<PublicationTypeList>  <PublicationType UI=""D016428"">Journal Article</PublicationType></PublicationTypeList>"
4562729,"<PublicationTypeList>  <PublicationType UI=""D016428"">Journal Article</PublicationType></PublicationTypeList>"
4562730,"<PublicationTypeList>  <PublicationType UI=""D016428"">Journal Article</PublicationType></PublicationTypeList>"
4562731,"<PublicationTypeList>  <PublicationType UI=""D016428"">Journal Article</PublicationType></PublicationTypeList>"
4562732,"<PublicationTypeList>  <PublicationType UI=""D016428"">Journal Article</PublicationType></PublicationTypeList>"
4562733,"<PublicationTypeList>  <PublicationType UI=""D016428"">Journal Article</PublicationType></PublicationTypeList>"
4562734,"<PublicationTypeList>  <PublicationType UI=""D016428"">Journal Article</PublicationType></PublicationTypeList>"
4562735,"<PublicationTypeList>  <PublicationType UI=""D016428"">Journal Article</PublicationType></PublicationTypeList>"
4562736,"<PublicationTypeList>  <PublicationType UI=""D016428"">Journal Article</PublicationType></PublicationTypeList>"
4562870,"<PublicationTypeList>  <PublicationType UI=""D016428"">Journal Article</PublicationType></PublicationTypeList>"
4562871,"<PublicationTypeList>  <PublicationType UI=""D016428"">Journal Article</PublicationType></PublicationTypeList>"
4562872,"<PublicationTypeList>  <PublicationType UI=""D016428"">Journal Article</PublicationType></PublicationTypeList>"
4562873,"<PublicationTypeList>  <PublicationType UI=""D016428"">Journal Article</PublicationType></PublicationTypeList>"
4562874,"<PublicationTypeList>  <PublicationType UI=""D016428"">Journal Article</PublicationType></PublicationTypeList>"
4562875,"<PublicationTypeList>  <PublicationType UI=""D016428"">Journal Article</PublicationType></PublicationTypeList>"
4562876,"<PublicationTypeList>  <PublicationType UI=""D016428"">Journal Article</PublicationType></PublicationTypeList>"
4563018,"<PublicationTypeList>  <PublicationType UI=""D016428"">Journal Article</PublicationType></PublicationTypeList>"
4563019,"<PublicationTypeList>  <PublicationType UI=""D016428"">Journal Article</PublicationType></PublicationTypeList>"
4563020,"<PublicationTypeList>  <PublicationType UI=""D016428"">Journal Article</PublicationType></PublicationTypeList>"
4563021,"<PublicationTypeList>  <PublicationType UI=""D016428"">Journal Article</PublicationType></PublicationTypeList>"
4563022,"<PublicationTypeList>  <PublicationType UI=""D016428"">Journal Article</PublicationType></PublicationTypeList>"
4563023,"<PublicationTypeList>  <PublicationType UI=""D016428"">Journal Article</PublicationType></PublicationTypeList>"
4563024,"<PublicationTypeList>  <PublicationType UI=""D016428"">Journal Article</PublicationType></PublicationTypeList>"
4563025,"<PublicationTypeList>  <PublicationType UI=""D016428"">Journal Article</PublicationType></PublicationTypeList>"
4563817,"<PublicationTypeList>  <PublicationType UI=""D016428"">Journal Article</PublicationType></PublicationTypeList>"
4563902,"<PublicationTypeList>  <PublicationType UI=""D016428"">Journal Article</PublicationType></PublicationTypeList>"
4564315,"<PublicationTypeList>  <PublicationType UI=""D016428"">Journal Article</PublicationType></PublicationTypeList>"
4564316,"<PublicationTypeList>  <PublicationType UI=""D016428"">Journal Article</PublicationType></PublicationTypeList>"
4564317,"<PublicationTypeList>  <PublicationType UI=""D016428"">Journal Article</PublicationType></PublicationTypeList>"
4564318,"<PublicationTypeList>  <PublicationType UI=""D016428"">Journal Article</PublicationType></PublicationTypeList>"
4564319,"<PublicationTypeList>  <PublicationType UI=""D016428"">Journal Article</PublicationType></PublicationTypeList>"
4564320,"<PublicationTypeList>  <PublicationType UI=""D016428"">Journal Article</PublicationType></PublicationTypeList>"
4564321,"<PublicationTypeList>  <PublicationType UI=""D016428"">Journal Article</PublicationType></PublicationTypeList>"
4564322,"<PublicationTypeList>  <PublicationType UI=""D016428"">Journal Article</PublicationType></PublicationTypeList>"
4564594,"<PublicationTypeList>  <PublicationType UI=""D016428"">Journal Article</PublicationType></PublicationTypeList>"
4564595,"<PublicationTypeList>  <PublicationType UI=""D016428"">Journal Article</PublicationType></PublicationTypeList>"
4564596,"<PublicationTypeList>  <PublicationType UI=""D016428"">Journal Article</PublicationType></PublicationTypeList>"
4564597,"<PublicationTypeList>  <PublicationType UI=""D016428"">Journal Article</PublicationType></PublicationTypeList>"
4564814,"<PublicationTypeList>  <PublicationType UI=""D016428"">Journal Article</PublicationType></PublicationTypeList>"
4564815,"<PublicationTypeList>  <PublicationType UI=""D016428"">Journal Article</PublicationType></PublicationTypeList>"
4564816,"<PublicationTypeList>  <PublicationType UI=""D016428"">Journal Article</PublicationType></PublicationTypeList>"
4564817,"<PublicationTypeList>  <PublicationType UI=""D016428"">Journal Article</PublicationType></PublicationTypeList>"
4564818,"<PublicationTypeList>  <PublicationType UI=""D016428"">Journal Article</PublicationType></PublicationTypeList>"
4564928,"<PublicationTypeList>  <PublicationType UI=""D016428"">Journal Article</PublicationType></PublicationTypeList>"
4564986,"<PublicationTypeList>  <PublicationType UI=""D016428"">Journal Article</PublicationType></PublicationTypeList>"
4564987,"<PublicationTypeList>  <PublicationType UI=""D016428"">Journal Article</PublicationType></PublicationTypeList>"
4564988,"<PublicationTypeList>  <PublicationType UI=""D016428"">Journal Article</PublicationType></PublicationTypeList>"
4564989,"<PublicationTypeList>  <PublicationType UI=""D016428"">Journal Article</PublicationType></PublicationTypeList>"
4564990,"<PublicationTypeList>  <PublicationType UI=""D016428"">Journal Article</PublicationType></PublicationTypeList>"
4564991,"<PublicationTypeList>  <PublicationType UI=""D016428"">Journal Article</PublicationType></PublicationTypeList>"
4564992,"<PublicationTypeList>  <PublicationType UI=""D016428"">Journal Article</PublicationType></PublicationTypeList>"
4565325,"<PublicationTypeList>  <PublicationType UI=""D016428"">Journal Article</PublicationType></PublicationTypeList>"
4565446,"<PublicationTypeList>  <PublicationType UI=""D016428"">Journal Article</PublicationType></PublicationTypeList>"
4565936,"<PublicationTypeList>  <PublicationType UI=""D016428"">Journal Article</PublicationType></PublicationTypeList>"
4565937,"<PublicationTypeList>  <PublicationType UI=""D016428"">Journal Article</PublicationType></PublicationTypeList>"
4565938,"<PublicationTypeList>  <PublicationType UI=""D016428"">Journal Article</PublicationType></PublicationTypeList>"
4565939,"<PublicationTypeList>  <PublicationType UI=""D016428"">Journal Article</PublicationType></PublicationTypeList>"
4565940,"<PublicationTypeList>  <PublicationType UI=""D016428"">Journal Article</PublicationType></PublicationTypeList>"
4565941,"<PublicationTypeList>  <PublicationType UI=""D016428"">Journal Article</PublicationType></PublicationTypeList>"
4565942,"<PublicationTypeList>  <PublicationType UI=""D016428"">Journal Article</PublicationType></PublicationTypeList>"
4565943,"<PublicationTypeList>  <PublicationType UI=""D016428"">Journal Article</PublicationType></PublicationTypeList>"
4565944,"<PublicationTypeList>  <PublicationType UI=""D016428"">Journal Article</PublicationType></PublicationTypeList>"
4565945,"<PublicationTypeList>  <PublicationType UI=""D016428"">Journal Article</PublicationType></PublicationTypeList>"
4565946,"<PublicationTypeList>  <PublicationType UI=""D016428"">Journal Article</PublicationType></PublicationTypeList>"
4565947,"<PublicationTypeList>  <PublicationType UI=""D016428"">Journal Article</PublicationType></PublicationTypeList>"
4565948,"<PublicationTypeList>  <PublicationType UI=""D016428"">Journal Article</PublicationType></PublicationTypeList>"
4565949,"<PublicationTypeList>  <PublicationType UI=""D016428"">Journal Article</PublicationType></PublicationTypeList>"
4565950,"<PublicationTypeList>  <PublicationType UI=""D016428"">Journal Article</PublicationType></PublicationTypeList>"
4565951,"<PublicationTypeList>  <PublicationType UI=""D016428"">Journal Article</PublicationType></PublicationTypeList>"
4566557,"<PublicationTypeList>  <PublicationType UI=""D016428"">Journal Article</PublicationType></PublicationTypeList>"
4566653,"<PublicationTypeList>  <PublicationType UI=""D016428"">Journal Article</PublicationType></PublicationTypeList>"
4566654,"<PublicationTypeList>  <PublicationType UI=""D016428"">Journal Article</PublicationType></PublicationTypeList>"
4566655,"<PublicationTypeList>  <PublicationType UI=""D016428"">Journal Article</PublicationType></PublicationTypeList>"
4567504,"<PublicationTypeList>  <PublicationType UI=""D016428"">Journal Article</PublicationType></PublicationTypeList>"
4567940,"<PublicationTypeList>  <PublicationType UI=""D016428"">Journal Article</PublicationType></PublicationTypeList>"
4568399,"<PublicationTypeList>  <PublicationType UI=""D016428"">Journal Article</PublicationType></PublicationTypeList>"
4568400,"<PublicationTypeList>  <PublicationType UI=""D016428"">Journal Article</PublicationType></PublicationTypeList>"
4568401,"<PublicationTypeList>  <PublicationType UI=""D016428"">Journal Article</PublicationType></PublicationTypeList>"
4568402,"<PublicationTypeList>  <PublicationType UI=""D016428"">Journal Article</PublicationType></PublicationTypeList>"
4568403,"<PublicationTypeList>  <PublicationType UI=""D016428"">Journal Article</PublicationType></PublicationTypeList>"
4568404,"<PublicationTypeList>  <PublicationType UI=""D016428"">Journal Article</PublicationType></PublicationTypeList>"
4568405,"<PublicationTypeList>  <PublicationType UI=""D016428"">Journal Article</PublicationType></PublicationTypeList>"
4568406,"<PublicationTypeList>  <PublicationType UI=""D016428"">Journal Article</PublicationType></PublicationTypeList>"
4568407,"<PublicationTypeList>  <PublicationType UI=""D016428"">Journal Article</PublicationType></PublicationTypeList>"
4568863,"<PublicationTypeList>  <PublicationType UI=""D016428"">Journal Article</PublicationType></PublicationTypeList>"
4569247,"<PublicationTypeList>  <PublicationType UI=""D016428"">Journal Article</PublicationType></PublicationTypeList>"
4569248,"<PublicationTypeList>  <PublicationType UI=""D016428"">Journal Article</PublicationType></PublicationTypeList>"
4569416,"<PublicationTypeList>  <PublicationType UI=""D016428"">Journal Article</PublicationType></PublicationTypeList>"
4569417,"<PublicationTypeList>  <PublicationType UI=""D016428"">Journal Article</PublicationType></PublicationTypeList>"
4569418,"<PublicationTypeList>  <PublicationType UI=""D016428"">Journal Article</PublicationType></PublicationTypeList>"
4569419,"<PublicationTypeList>  <PublicationType UI=""D016428"">Journal Article</PublicationType></PublicationTypeList>"
4569420,"<PublicationTypeList>  <PublicationType UI=""D016428"">Journal Article</PublicationType></PublicationTypeList>"
4569421,"<PublicationTypeList>  <PublicationType UI=""D016428"">Journal Article</PublicationType></PublicationTypeList>"
4569422,"<PublicationTypeList>  <PublicationType UI=""D016428"">Journal Article</PublicationType></PublicationTypeList>"
4570496,"<PublicationTypeList>  <PublicationType UI=""D016428"">Journal Article</PublicationType></PublicationTypeList>"
4570497,"<PublicationTypeList>  <PublicationType UI=""D016428"">Journal Article</PublicationType></PublicationTypeList>"
4570498,"<PublicationTypeList>  <PublicationType UI=""D016428"">Journal Article</PublicationType></PublicationTypeList>"
4570499,"<PublicationTypeList>  <PublicationType UI=""D016428"">Journal Article</PublicationType></PublicationTypeList>"
4570635,"<PublicationTypeList>  <PublicationType UI=""D016428"">Journal Article</PublicationType></PublicationTypeList>"
4570636,"<PublicationTypeList>  <PublicationType UI=""D016428"">Journal Article</PublicationType></PublicationTypeList>"
4570637,"<PublicationTypeList>  <PublicationType UI=""D016428"">Journal Article</PublicationType></PublicationTypeList>"
4570638,"<PublicationTypeList>  <PublicationType UI=""D016428"">Journal Article</PublicationType></PublicationTypeList>"
4570639,"<PublicationTypeList>  <PublicationType UI=""D016428"">Journal Article</PublicationType></PublicationTypeList>"
4570640,"<PublicationTypeList>  <PublicationType UI=""D016428"">Journal Article</PublicationType></PublicationTypeList>"
4570641,"<PublicationTypeList>  <PublicationType UI=""D016428"">Journal Article</PublicationType></PublicationTypeList>"
4570642,"<PublicationTypeList>  <PublicationType UI=""D016428"">Journal Article</PublicationType></PublicationTypeList>"
4570643,"<PublicationTypeList>  <PublicationType UI=""D016428"">Journal Article</PublicationType></PublicationTypeList>"
4571529,"<PublicationTypeList>  <PublicationType UI=""D016428"">Journal Article</PublicationType></PublicationTypeList>"
4571632,"<PublicationTypeList>  <PublicationType UI=""D016428"">Journal Article</PublicationType></PublicationTypeList>"
4571633,"<PublicationTypeList>  <PublicationType UI=""D016428"">Journal Article</PublicationType></PublicationTypeList>"
4571634,"<PublicationTypeList>  <PublicationType UI=""D016428"">Journal Article</PublicationType></PublicationTypeList>"
4571810,"<PublicationTypeList>  <PublicationType UI=""D016428"">Journal Article</PublicationType></PublicationTypeList>"
4572006,"<PublicationTypeList>  <PublicationType UI=""D016428"">Journal Article</PublicationType></PublicationTypeList>"
4572007,"<PublicationTypeList>  <PublicationType UI=""D016428"">Journal Article</PublicationType></PublicationTypeList>"
4572249,"<PublicationTypeList>  <PublicationType UI=""D016428"">Journal Article</PublicationType></PublicationTypeList>"
4572250,"<PublicationTypeList>  <PublicationType UI=""D016428"">Journal Article</PublicationType></PublicationTypeList>"
4573127,"<PublicationTypeList>  <PublicationType UI=""D016428"">Journal Article</PublicationType></PublicationTypeList>"
4573390,"<PublicationTypeList>  <PublicationType UI=""D016428"">Journal Article</PublicationType></PublicationTypeList>"
4573391,"<PublicationTypeList>  <PublicationType UI=""D016428"">Journal Article</PublicationType></PublicationTypeList>"
4573392,"<PublicationTypeList>  <PublicationType UI=""D016428"">Journal Article</PublicationType></PublicationTypeList>"
4573393,"<PublicationTypeList>  <PublicationType UI=""D016428"">Journal Article</PublicationType></PublicationTypeList>"
4573394,"<PublicationTypeList>  <PublicationType UI=""D016428"">Journal Article</PublicationType></PublicationTypeList>"
4573475,"<PublicationTypeList>  <PublicationType UI=""D016428"">Journal Article</PublicationType></PublicationTypeList>"
4573476,"<PublicationTypeList>  <PublicationType UI=""D016428"">Journal Article</PublicationType></PublicationTypeList>"
4573477,"<PublicationTypeList>  <PublicationType UI=""D016428"">Journal Article</PublicationType></PublicationTypeList>"
4573580,"<PublicationTypeList>  <PublicationType UI=""D016428"">Journal Article</PublicationType></PublicationTypeList>"
4573581,"<PublicationTypeList>  <PublicationType UI=""D016428"">Journal Article</PublicationType></PublicationTypeList>"
4573582,"<PublicationTypeList>  <PublicationType UI=""D016428"">Journal Article</PublicationType></PublicationTypeList>"
4573803,"<PublicationTypeList>  <PublicationType UI=""D016428"">Journal Article</PublicationType></PublicationTypeList>"
4574297,"<PublicationTypeList>  <PublicationType UI=""D016428"">Journal Article</PublicationType></PublicationTypeList>"
4574597,"<PublicationTypeList>  <PublicationType UI=""D016428"">Journal Article</PublicationType></PublicationTypeList>"
4574725,"<PublicationTypeList>  <PublicationType UI=""D016428"">Journal Article</PublicationType></PublicationTypeList>"
4574726,"<PublicationTypeList>  <PublicationType UI=""D016428"">Journal Article</PublicationType></PublicationTypeList>"
4574732,"<PublicationTypeList>  <PublicationType UI=""D016428"">Journal Article</PublicationType></PublicationTypeList>"
4574819,"<PublicationTypeList>  <PublicationType UI=""D016428"">Journal Article</PublicationType></PublicationTypeList>"
4574848,"<PublicationTypeList>  <PublicationType UI=""D016428"">Journal Article</PublicationType></PublicationTypeList>"
4574849,"<PublicationTypeList>  <PublicationType UI=""D016428"">Journal Article</PublicationType></PublicationTypeList>"
4574942,"<PublicationTypeList>  <PublicationType UI=""D016428"">Journal Article</PublicationType></PublicationTypeList>"
4575120,"<PublicationTypeList>  <PublicationType UI=""D016428"">Journal Article</PublicationType></PublicationTypeList>"
4575121,"<PublicationTypeList>  <PublicationType UI=""D016428"">Journal Article</PublicationType></PublicationTypeList>"
4575604,"<PublicationTypeList>  <PublicationType UI=""D016428"">Journal Article</PublicationType></PublicationTypeList>"
4575605,"<PublicationTypeList>  <PublicationType UI=""D016428"">Journal Article</PublicationType></PublicationTypeList>"
4576832,"<PublicationTypeList>  <PublicationType UI=""D016428"">Journal Article</PublicationType></PublicationTypeList>"
4577921,"<PublicationTypeList>  <PublicationType UI=""D016428"">Journal Article</PublicationType></PublicationTypeList>"
4578606,"<PublicationTypeList>  <PublicationType UI=""D016428"">Journal Article</PublicationType></PublicationTypeList>"
4578607,"<PublicationTypeList>  <PublicationType UI=""D016428"">Journal Article</PublicationType></PublicationTypeList>"
4579481,"<PublicationTypeList>  <PublicationType UI=""D016428"">Journal Article</PublicationType></PublicationTypeList>"
4579482,"<PublicationTypeList>  <PublicationType UI=""D016428"">Journal Article</PublicationType></PublicationTypeList>"
4579483,"<PublicationTypeList>  <PublicationType UI=""D016428"">Journal Article</PublicationType></PublicationTypeList>"
4579682,"<PublicationTypeList>  <PublicationType UI=""D016428"">Journal Article</PublicationType></PublicationTypeList>"
4579683,"<PublicationTypeList>  <PublicationType UI=""D016428"">Journal Article</PublicationType></PublicationTypeList>"
4580089,"<PublicationTypeList>  <PublicationType UI=""D016428"">Journal Article</PublicationType></PublicationTypeList>"
4581051,"<PublicationTypeList>  <PublicationType UI=""D016428"">Journal Article</PublicationType></PublicationTypeList>"
4581052,"<PublicationTypeList>  <PublicationType UI=""D016428"">Journal Article</PublicationType></PublicationTypeList>"
4581053,"<PublicationTypeList>  <PublicationType UI=""D016428"">Journal Article</PublicationType></PublicationTypeList>"
4581126,"<PublicationTypeList>  <PublicationType UI=""D016428"">Journal Article</PublicationType></PublicationTypeList>"
4582479,"<PublicationTypeList>  <PublicationType UI=""D016428"">Journal Article</PublicationType></PublicationTypeList>"
4582480,"<PublicationTypeList>  <PublicationType UI=""D016428"">Journal Article</PublicationType></PublicationTypeList>"
4582481,"<PublicationTypeList>  <PublicationType UI=""D016428"">Journal Article</PublicationType></PublicationTypeList>"
4582482,"<PublicationTypeList>  <PublicationType UI=""D016428"">Journal Article</PublicationType></PublicationTypeList>"
4582483,"<PublicationTypeList>  <PublicationType UI=""D016428"">Journal Article</PublicationType></PublicationTypeList>"
4582484,"<PublicationTypeList>  <PublicationType UI=""D016428"">Journal Article</PublicationType></PublicationTypeList>"
4582485,"<PublicationTypeList>  <PublicationType UI=""D016428"">Journal Article</PublicationType></PublicationTypeList>"
4582486,"<PublicationTypeList>  <PublicationType UI=""D016428"">Journal Article</PublicationType></PublicationTypeList>"
4582487,"<PublicationTypeList>  <PublicationType UI=""D016428"">Journal Article</PublicationType></PublicationTypeList>"
4582488,"<PublicationTypeList>  <PublicationType UI=""D016428"">Journal Article</PublicationType></PublicationTypeList>"
4582489,"<PublicationTypeList>  <PublicationType UI=""D016428"">Journal Article</PublicationType></PublicationTypeList>"
4582490,"<PublicationTypeList>  <PublicationType UI=""D016428"">Journal Article</PublicationType></PublicationTypeList>"
4582491,"<PublicationTypeList>  <PublicationType UI=""D016428"">Journal Article</PublicationType></PublicationTypeList>"
4582492,"<PublicationTypeList>  <PublicationType UI=""D016428"">Journal Article</PublicationType></PublicationTypeList>"
4582493,"<PublicationTypeList>  <PublicationType UI=""D016428"">Journal Article</PublicationType></PublicationTypeList>"
4582494,"<PublicationTypeList>  <PublicationType UI=""D016428"">Journal Article</PublicationType></PublicationTypeList>"
4582495,"<PublicationTypeList>  <PublicationType UI=""D016428"">Journal Article</PublicationType></PublicationTypeList>"
4582496,"<PublicationTypeList>  <PublicationType UI=""D016428"">Journal Article</PublicationType></PublicationTypeList>"
4582497,"<PublicationTypeList>  <PublicationType UI=""D016428"">Journal Article</PublicationType></PublicationTypeList>"
4582498,"<PublicationTypeList>  <PublicationType UI=""D016428"">Journal Article</PublicationType></PublicationTypeList>"
4582499,"<PublicationTypeList>  <PublicationType UI=""D016428"">Journal Article</PublicationType></PublicationTypeList>"
4582500,"<PublicationTypeList>  <PublicationType UI=""D016428"">Journal Article</PublicationType></PublicationTypeList>"
4582501,"<PublicationTypeList>  <PublicationType UI=""D016428"">Journal Article</PublicationType></PublicationTypeList>"
4582502,"<PublicationTypeList>  <PublicationType UI=""D016428"">Journal Article</PublicationType></PublicationTypeList>"
4582503,"<PublicationTypeList>  <PublicationType UI=""D016428"">Journal Article</PublicationType></PublicationTypeList>"
4582504,"<PublicationTypeList>  <PublicationType UI=""D016428"">Journal Article</PublicationType></PublicationTypeList>"
4582505,"<PublicationTypeList>  <PublicationType UI=""D016428"">Journal Article</PublicationType></PublicationTypeList>"
4582506,"<PublicationTypeList>  <PublicationType UI=""D016428"">Journal Article</PublicationType></PublicationTypeList>"
4582507,"<PublicationTypeList>  <PublicationType UI=""D016428"">Journal Article</PublicationType></PublicationTypeList>"
4582508,"<PublicationTypeList>  <PublicationType UI=""D016428"">Journal Article</PublicationType></PublicationTypeList>"
4582509,"<PublicationTypeList>  <PublicationType UI=""D016428"">Journal Article</PublicationType></PublicationTypeList>"
4582510,"<PublicationTypeList>  <PublicationType UI=""D016428"">Journal Article</PublicationType></PublicationTypeList>"
4582511,"<PublicationTypeList>  <PublicationType UI=""D016428"">Journal Article</PublicationType></PublicationTypeList>"
4582512,"<PublicationTypeList>  <PublicationType UI=""D016428"">Journal Article</PublicationType></PublicationTypeList>"
4582513,"<PublicationTypeList>  <PublicationType UI=""D016428"">Journal Article</PublicationType></PublicationTypeList>"
4582514,"<PublicationTypeList>  <PublicationType UI=""D016428"">Journal Article</PublicationType></PublicationTypeList>"
4582515,"<PublicationTypeList>  <PublicationType UI=""D016428"">Journal Article</PublicationType></PublicationTypeList>"
4582516,"<PublicationTypeList>  <PublicationType UI=""D016428"">Journal Article</PublicationType></PublicationTypeList>"
4582517,"<PublicationTypeList>  <PublicationType UI=""D016428"">Journal Article</PublicationType></PublicationTypeList>"
4582518,"<PublicationTypeList>  <PublicationType UI=""D016428"">Journal Article</PublicationType></PublicationTypeList>"
4582519,"<PublicationTypeList>  <PublicationType UI=""D016428"">Journal Article</PublicationType></PublicationTypeList>"
4582520,"<PublicationTypeList>  <PublicationType UI=""D016428"">Journal Article</PublicationType></PublicationTypeList>"
4582521,"<PublicationTypeList>  <PublicationType UI=""D016428"">Journal Article</PublicationType></PublicationTypeList>"
4582522,"<PublicationTypeList>  <PublicationType UI=""D016428"">Journal Article</PublicationType></PublicationTypeList>"
4582599,"<PublicationTypeList>  <PublicationType UI=""D016428"">Journal Article</PublicationType></PublicationTypeList>"
4582662,"<PublicationTypeList>  <PublicationType UI=""D016428"">Journal Article</PublicationType></PublicationTypeList>"
4582663,"<PublicationTypeList>  <PublicationType UI=""D016428"">Journal Article</PublicationType></PublicationTypeList>"
4582664,"<PublicationTypeList>  <PublicationType UI=""D016428"">Journal Article</PublicationType></PublicationTypeList>"
4582665,"<PublicationTypeList>  <PublicationType UI=""D016428"">Journal Article</PublicationType></PublicationTypeList>"
4582666,"<PublicationTypeList>  <PublicationType UI=""D016428"">Journal Article</PublicationType></PublicationTypeList>"
4582667,"<PublicationTypeList>  <PublicationType UI=""D016428"">Journal Article</PublicationType></PublicationTypeList>"
4582668,"<PublicationTypeList>  <PublicationType UI=""D016428"">Journal Article</PublicationType></PublicationTypeList>"
4582669,"<PublicationTypeList>  <PublicationType UI=""D016428"">Journal Article</PublicationType></PublicationTypeList>"
4582670,"<PublicationTypeList>  <PublicationType UI=""D016428"">Journal Article</PublicationType></PublicationTypeList>"
4582671,"<PublicationTypeList>  <PublicationType UI=""D016428"">Journal Article</PublicationType></PublicationTypeList>"
4582672,"<PublicationTypeList>  <PublicationType UI=""D016428"">Journal Article</PublicationType></PublicationTypeList>"
4582752,"<PublicationTypeList>  <PublicationType UI=""D016428"">Journal Article</PublicationType></PublicationTypeList>"
4582753,"<PublicationTypeList>  <PublicationType UI=""D016428"">Journal Article</PublicationType></PublicationTypeList>"
