pmid,date,mesh,journal,affil,athrs,pt,gr
17798735,<DateCompleted>  <Year>2010</Year>  <Month>07</Month>  <Day>02</Day></DateCompleted>,NA,"<Journal>  <ISSN IssnType=""Print"">0036-8075</ISSN>  <JournalIssue CitedMedium=""Print"">    <Volume>245</Volume>    <Issue>4924</Issue>    <PubDate>      <Year>1989</Year>      <Month>Sep</Month>      <Day>22</Day>    </PubDate>  </JournalIssue>  <Title>Science (New York, N.Y.)</Title>  <ISOAbbreviation>Science</ISOAbbreviation></Journal>",NA,"<AuthorList CompleteYN=""Y"">  <Author ValidYN=""Y"">    <LastName>W</LastName>    <ForeName>M M</ForeName>    <Initials>MM</Initials>  </Author></AuthorList>","<PublicationTypeList>  <PublicationType UI=""D016428"">Journal Article</PublicationType></PublicationTypeList>",NA
17798736,<DateCompleted>  <Year>2010</Year>  <Month>07</Month>  <Day>02</Day></DateCompleted>,NA,"<Journal>  <ISSN IssnType=""Print"">0036-8075</ISSN>  <JournalIssue CitedMedium=""Print"">    <Volume>245</Volume>    <Issue>4924</Issue>    <PubDate>      <Year>1989</Year>      <Month>Sep</Month>      <Day>22</Day>    </PubDate>  </JournalIssue>  <Title>Science (New York, N.Y.)</Title>  <ISOAbbreviation>Science</ISOAbbreviation></Journal>",NA,"<AuthorList CompleteYN=""Y"">  <Author ValidYN=""Y"">    <LastName>Kerr</LastName>    <ForeName>R A</ForeName>    <Initials>RA</Initials>  </Author></AuthorList>","<PublicationTypeList>  <PublicationType UI=""D016428"">Journal Article</PublicationType></PublicationTypeList>",NA
17798737,<DateCompleted>  <Year>2010</Year>  <Month>07</Month>  <Day>02</Day></DateCompleted>,NA,"<Journal>  <ISSN IssnType=""Print"">0036-8075</ISSN>  <JournalIssue CitedMedium=""Print"">    <Volume>245</Volume>    <Issue>4924</Issue>    <PubDate>      <Year>1989</Year>      <Month>Sep</Month>      <Day>22</Day>    </PubDate>  </JournalIssue>  <Title>Science (New York, N.Y.)</Title>  <ISOAbbreviation>Science</ISOAbbreviation></Journal>",NA,"<AuthorList CompleteYN=""Y"">  <Author ValidYN=""Y"">    <LastName>Pool</LastName>    <ForeName>R</ForeName>    <Initials>R</Initials>  </Author></AuthorList>","<PublicationTypeList>  <PublicationType UI=""D016428"">Journal Article</PublicationType></PublicationTypeList>",NA
17798738,<DateCompleted>  <Year>2010</Year>  <Month>07</Month>  <Day>02</Day></DateCompleted>,NA,"<Journal>  <ISSN IssnType=""Print"">0036-8075</ISSN>  <JournalIssue CitedMedium=""Print"">    <Volume>245</Volume>    <Issue>4924</Issue>    <PubDate>      <Year>1989</Year>      <Month>Sep</Month>      <Day>22</Day>    </PubDate>  </JournalIssue>  <Title>Science (New York, N.Y.)</Title>  <ISOAbbreviation>Science</ISOAbbreviation></Journal>",NA,"<AuthorList CompleteYN=""Y"">  <Author ValidYN=""Y"">    <LastName>Holden</LastName>    <ForeName>C</ForeName>    <Initials>C</Initials>  </Author></AuthorList>","<PublicationTypeList>  <PublicationType UI=""D016428"">Journal Article</PublicationType></PublicationTypeList>",NA
17798739,<DateCompleted>  <Year>2010</Year>  <Month>07</Month>  <Day>02</Day></DateCompleted>,NA,"<Journal>  <ISSN IssnType=""Print"">0036-8075</ISSN>  <JournalIssue CitedMedium=""Print"">    <Volume>245</Volume>    <Issue>4924</Issue>    <PubDate>      <Year>1989</Year>      <Month>Sep</Month>      <Day>22</Day>    </PubDate>  </JournalIssue>  <Title>Science (New York, N.Y.)</Title>  <ISOAbbreviation>Science</ISOAbbreviation></Journal>",NA,"<AuthorList CompleteYN=""Y"">  <Author ValidYN=""Y"">    <LastName>Holden</LastName>    <ForeName>C</ForeName>    <Initials>C</Initials>  </Author></AuthorList>","<PublicationTypeList>  <PublicationType UI=""D016428"">Journal Article</PublicationType></PublicationTypeList>",NA
17798740,<DateCompleted>  <Year>2010</Year>  <Month>07</Month>  <Day>02</Day></DateCompleted>,NA,"<Journal>  <ISSN IssnType=""Print"">0036-8075</ISSN>  <JournalIssue CitedMedium=""Print"">    <Volume>245</Volume>    <Issue>4924</Issue>    <PubDate>      <Year>1989</Year>      <Month>Sep</Month>      <Day>22</Day>    </PubDate>  </JournalIssue>  <Title>Science (New York, N.Y.)</Title>  <ISOAbbreviation>Science</ISOAbbreviation></Journal>",NA,"<AuthorList CompleteYN=""Y"">  <Author ValidYN=""Y"">    <LastName>Holden</LastName>    <ForeName>C</ForeName>    <Initials>C</Initials>  </Author></AuthorList>","<PublicationTypeList>  <PublicationType UI=""D016428"">Journal Article</PublicationType></PublicationTypeList>",NA
17798741,<DateCompleted>  <Year>2010</Year>  <Month>07</Month>  <Day>02</Day></DateCompleted>,NA,"<Journal>  <ISSN IssnType=""Print"">0036-8075</ISSN>  <JournalIssue CitedMedium=""Print"">    <Volume>245</Volume>    <Issue>4924</Issue>    <PubDate>      <Year>1989</Year>      <Month>Sep</Month>      <Day>22</Day>    </PubDate>  </JournalIssue>  <Title>Science (New York, N.Y.)</Title>  <ISOAbbreviation>Science</ISOAbbreviation></Journal>",NA,"<AuthorList CompleteYN=""Y"">  <Author ValidYN=""Y"">    <LastName>Holden</LastName>    <ForeName>C</ForeName>    <Initials>C</Initials>  </Author></AuthorList>","<PublicationTypeList>  <PublicationType UI=""D016428"">Journal Article</PublicationType></PublicationTypeList>",NA
17798742,<DateCompleted>  <Year>2010</Year>  <Month>07</Month>  <Day>02</Day></DateCompleted>,NA,"<Journal>  <ISSN IssnType=""Print"">0036-8075</ISSN>  <JournalIssue CitedMedium=""Print"">    <Volume>245</Volume>    <Issue>4924</Issue>    <PubDate>      <Year>1989</Year>      <Month>Sep</Month>      <Day>22</Day>    </PubDate>  </JournalIssue>  <Title>Science (New York, N.Y.)</Title>  <ISOAbbreviation>Science</ISOAbbreviation></Journal>",NA,"<AuthorList CompleteYN=""Y"">  <Author ValidYN=""Y"">    <LastName>Holden</LastName>    <ForeName>C</ForeName>    <Initials>C</Initials>  </Author></AuthorList>","<PublicationTypeList>  <PublicationType UI=""D016428"">Journal Article</PublicationType></PublicationTypeList>",NA
17798743,<DateCompleted>  <Year>2010</Year>  <Month>07</Month>  <Day>02</Day></DateCompleted>,NA,"<Journal>  <ISSN IssnType=""Print"">0036-8075</ISSN>  <JournalIssue CitedMedium=""Print"">    <Volume>245</Volume>    <Issue>4924</Issue>    <PubDate>      <Year>1989</Year>      <Month>Sep</Month>      <Day>22</Day>    </PubDate>  </JournalIssue>  <Title>Science (New York, N.Y.)</Title>  <ISOAbbreviation>Science</ISOAbbreviation></Journal>",NA,"<AuthorList CompleteYN=""Y"">  <Author ValidYN=""Y"">    <LastName>Hammel</LastName>    <ForeName>H B</ForeName>    <Initials>HB</Initials>  </Author>  <Author ValidYN=""Y"">    <LastName>Beebe</LastName>    <ForeName>R F</ForeName>    <Initials>RF</Initials>  </Author>  <Author ValidYN=""Y"">    <LastName>De Jong</LastName>    <ForeName>E M</ForeName>    <Initials>EM</Initials>  </Author>  <Author ValidYN=""Y"">    <LastName>Hansen</LastName>    <ForeName>C J</ForeName>    <Initials>CJ</Initials>  </Author>  <Author ValidYN=""Y"">    <LastName>Howell</LastName>    <ForeName>C D</ForeName>    <Initials>CD</Initials>  </Author>  <Author ValidYN=""Y"">    <LastName>Ingersoll</LastName>    <ForeName>A P</ForeName>    <Initials>AP</Initials>  </Author>  <Author ValidYN=""Y"">    <LastName>Johnson</LastName>    <ForeName>T V</ForeName>    <Initials>TV</Initials>  </Author>  <Author ValidYN=""Y"">    <LastName>Limaye</LastName>    <ForeName>S S</ForeName>    <Initials>SS</Initials>  </Author>  <Author ValidYN=""Y"">    <LastName>Magalhaes</LastName>    <ForeName>J A</ForeName>    <Initials>JA</Initials>  </Author>  <Author ValidYN=""Y"">    <LastName>Pollack</LastName>    <ForeName>J B</ForeName>    <Initials>JB</Initials>  </Author>  <Author ValidYN=""Y"">    <LastName>Sromovsky</LastName>    <ForeName>L A</ForeName>    <Initials>LA</Initials>  </Author>  <Author ValidYN=""Y"">    <LastName>Suomi</LastName>    <ForeName>V E</ForeName>    <Initials>VE</Initials>  </Author>  <Author ValidYN=""Y"">    <LastName>Swift</LastName>    <ForeName>C E</ForeName>    <Initials>CE</Initials>  </Author></AuthorList>","<PublicationTypeList>  <PublicationType UI=""D016428"">Journal Article</PublicationType></PublicationTypeList>",NA
17798744,<DateCompleted>  <Year>2010</Year>  <Month>07</Month>  <Day>02</Day></DateCompleted>,NA,"<Journal>  <ISSN IssnType=""Print"">0036-8075</ISSN>  <JournalIssue CitedMedium=""Print"">    <Volume>245</Volume>    <Issue>4924</Issue>    <PubDate>      <Year>1989</Year>      <Month>Sep</Month>      <Day>22</Day>    </PubDate>  </JournalIssue>  <Title>Science (New York, N.Y.)</Title>  <ISOAbbreviation>Science</ISOAbbreviation></Journal>",NA,"<AuthorList CompleteYN=""Y"">  <Author ValidYN=""Y"">    <LastName>Lyo</LastName>    <ForeName>I W</ForeName>    <Initials>IW</Initials>  </Author>  <Author ValidYN=""Y"">    <LastName>Avouris</LastName>    <ForeName>P</ForeName>    <Initials>P</Initials>  </Author></AuthorList>","<PublicationTypeList>  <PublicationType UI=""D016428"">Journal Article</PublicationType></PublicationTypeList>",NA
17798746,<DateCompleted>  <Year>2010</Year>  <Month>07</Month>  <Day>02</Day></DateCompleted>,NA,"<Journal>  <ISSN IssnType=""Print"">0036-8075</ISSN>  <JournalIssue CitedMedium=""Print"">    <Volume>245</Volume>    <Issue>4924</Issue>    <PubDate>      <Year>1989</Year>      <Month>Sep</Month>      <Day>22</Day>    </PubDate>  </JournalIssue>  <Title>Science (New York, N.Y.)</Title>  <ISOAbbreviation>Science</ISOAbbreviation></Journal>",NA,"<AuthorList CompleteYN=""Y"">  <Author ValidYN=""Y"">    <LastName>Seidel</LastName>    <ForeName>R</ForeName>    <Initials>R</Initials>  </Author></AuthorList>","<PublicationTypeList>  <PublicationType UI=""D016428"">Journal Article</PublicationType></PublicationTypeList>",NA
17798748,<DateCompleted>  <Year>2010</Year>  <Month>07</Month>  <Day>02</Day></DateCompleted>,NA,"<Journal>  <ISSN IssnType=""Print"">0036-8075</ISSN>  <JournalIssue CitedMedium=""Print"">    <Volume>245</Volume>    <Issue>4924</Issue>    <PubDate>      <Year>1989</Year>      <Month>Sep</Month>      <Day>22</Day>    </PubDate>  </JournalIssue>  <Title>Science (New York, N.Y.)</Title>  <ISOAbbreviation>Science</ISOAbbreviation></Journal>",NA,"<AuthorList CompleteYN=""Y"">  <Author ValidYN=""Y"">    <LastName>Schatz</LastName>    <ForeName>G C</ForeName>    <Initials>GC</Initials>  </Author></AuthorList>","<PublicationTypeList>  <PublicationType UI=""D016428"">Journal Article</PublicationType></PublicationTypeList>",NA
17798749,<DateCompleted>  <Year>2010</Year>  <Month>07</Month>  <Day>02</Day></DateCompleted>,NA,"<Journal>  <ISSN IssnType=""Print"">0036-8075</ISSN>  <JournalIssue CitedMedium=""Print"">    <Volume>245</Volume>    <Issue>4924</Issue>    <PubDate>      <Year>1989</Year>      <Month>Sep</Month>      <Day>22</Day>    </PubDate>  </JournalIssue>  <Title>Science (New York, N.Y.)</Title>  <ISOAbbreviation>Science</ISOAbbreviation></Journal>",NA,"<AuthorList CompleteYN=""Y"">  <Author ValidYN=""Y"">    <LastName>Drachman</LastName>    <ForeName>D</ForeName>    <Initials>D</Initials>  </Author></AuthorList>","<PublicationTypeList>  <PublicationType UI=""D016428"">Journal Article</PublicationType></PublicationTypeList>",NA
17798750,<DateCompleted>  <Year>2010</Year>  <Month>07</Month>  <Day>02</Day></DateCompleted>,NA,"<Journal>  <ISSN IssnType=""Print"">0036-8075</ISSN>  <JournalIssue CitedMedium=""Print"">    <Volume>245</Volume>    <Issue>4924</Issue>    <PubDate>      <Year>1989</Year>      <Month>Sep</Month>      <Day>22</Day>    </PubDate>  </JournalIssue>  <Title>Science (New York, N.Y.)</Title>  <ISOAbbreviation>Science</ISOAbbreviation></Journal>",NA,NA,"<PublicationTypeList>  <PublicationType UI=""D016428"">Journal Article</PublicationType></PublicationTypeList>",NA
17798895,<DateCompleted>  <Year>2010</Year>  <Month>07</Month>  <Day>02</Day></DateCompleted>,NA,"<Journal>  <ISSN IssnType=""Print"">0036-8075</ISSN>  <JournalIssue CitedMedium=""Print"">    <Volume>271</Volume>    <Issue>5251</Issue>    <PubDate>      <Year>1996</Year>      <Month>Feb</Month>      <Day>16</Day>    </PubDate>  </JournalIssue>  <Title>Science (New York, N.Y.)</Title>  <ISOAbbreviation>Science</ISOAbbreviation></Journal>",NA,"<AuthorList CompleteYN=""Y"">  <Author ValidYN=""Y"">    <LastName>Mazzucato</LastName>    <ForeName>E</ForeName>    <Initials>E</Initials>  </Author></AuthorList>","<PublicationTypeList>  <PublicationType UI=""D016428"">Journal Article</PublicationType></PublicationTypeList>",NA
17798896,<DateCompleted>  <Year>2010</Year>  <Month>07</Month>  <Day>02</Day></DateCompleted>,NA,"<Journal>  <ISSN IssnType=""Print"">0036-8075</ISSN>  <JournalIssue CitedMedium=""Print"">    <Volume>271</Volume>    <Issue>5251</Issue>    <PubDate>      <Year>1996</Year>      <Month>Feb</Month>      <Day>16</Day>    </PubDate>  </JournalIssue>  <Title>Science (New York, N.Y.)</Title>  <ISOAbbreviation>Science</ISOAbbreviation></Journal>",NA,"<AuthorList CompleteYN=""Y"">  <Author ValidYN=""Y"">    <LastName>Parkins</LastName>    <ForeName>W E</ForeName>    <Initials>WE</Initials>  </Author></AuthorList>","<PublicationTypeList>  <PublicationType UI=""D016428"">Journal Article</PublicationType></PublicationTypeList>",NA
17798897,<DateCompleted>  <Year>2010</Year>  <Month>07</Month>  <Day>02</Day></DateCompleted>,NA,"<Journal>  <ISSN IssnType=""Print"">0036-8075</ISSN>  <JournalIssue CitedMedium=""Print"">    <Volume>271</Volume>    <Issue>5251</Issue>    <PubDate>      <Year>1996</Year>      <Month>Feb</Month>      <Day>16</Day>    </PubDate>  </JournalIssue>  <Title>Science (New York, N.Y.)</Title>  <ISOAbbreviation>Science</ISOAbbreviation></Journal>",NA,"<AuthorList CompleteYN=""Y"">  <Author ValidYN=""Y"">    <LastName>Ahlgren</LastName>    <ForeName>A</ForeName>    <Initials>A</Initials>  </Author></AuthorList>","<PublicationTypeList>  <PublicationType UI=""D016428"">Journal Article</PublicationType></PublicationTypeList>",NA
17798898,<DateCompleted>  <Year>2010</Year>  <Month>07</Month>  <Day>02</Day></DateCompleted>,NA,"<Journal>  <ISSN IssnType=""Print"">0036-8075</ISSN>  <JournalIssue CitedMedium=""Print"">    <Volume>271</Volume>    <Issue>5251</Issue>    <PubDate>      <Year>1996</Year>      <Month>Feb</Month>      <Day>16</Day>    </PubDate>  </JournalIssue>  <Title>Science (New York, N.Y.)</Title>  <ISOAbbreviation>Science</ISOAbbreviation></Journal>",NA,"<AuthorList CompleteYN=""Y"">  <Author ValidYN=""Y"">    <LastName>Rotberg</LastName>    <ForeName>I C</ForeName>    <Initials>IC</Initials>  </Author></AuthorList>","<PublicationTypeList>  <PublicationType UI=""D016428"">Journal Article</PublicationType></PublicationTypeList>",NA
17798899,<DateCompleted>  <Year>2010</Year>  <Month>07</Month>  <Day>02</Day></DateCompleted>,NA,"<Journal>  <ISSN IssnType=""Print"">0036-8075</ISSN>  <JournalIssue CitedMedium=""Print"">    <Volume>271</Volume>    <Issue>5251</Issue>    <PubDate>      <Year>1996</Year>      <Month>Feb</Month>      <Day>16</Day>    </PubDate>  </JournalIssue>  <Title>Science (New York, N.Y.)</Title>  <ISOAbbreviation>Science</ISOAbbreviation></Journal>",NA,"<AuthorList CompleteYN=""Y"">  <Author ValidYN=""Y"">    <LastName>Buxton</LastName>    <ForeName>I L</ForeName>    <Initials>IL</Initials>  </Author></AuthorList>","<PublicationTypeList>  <PublicationType UI=""D016428"">Journal Article</PublicationType></PublicationTypeList>",NA
17798900,<DateCompleted>  <Year>2010</Year>  <Month>07</Month>  <Day>02</Day></DateCompleted>,NA,"<Journal>  <ISSN IssnType=""Print"">0036-8075</ISSN>  <JournalIssue CitedMedium=""Print"">    <Volume>271</Volume>    <Issue>5251</Issue>    <PubDate>      <Year>1996</Year>      <Month>Feb</Month>      <Day>16</Day>    </PubDate>  </JournalIssue>  <Title>Science (New York, N.Y.)</Title>  <ISOAbbreviation>Science</ISOAbbreviation></Journal>",NA,"<AuthorList CompleteYN=""Y"">  <Author ValidYN=""Y"">    <LastName>Mervis</LastName>    <ForeName>J</ForeName>    <Initials>J</Initials>  </Author></AuthorList>","<PublicationTypeList>  <PublicationType UI=""D016428"">Journal Article</PublicationType></PublicationTypeList>",NA
17798901,<DateCompleted>  <Year>2010</Year>  <Month>07</Month>  <Day>02</Day></DateCompleted>,NA,"<Journal>  <ISSN IssnType=""Print"">0036-8075</ISSN>  <JournalIssue CitedMedium=""Print"">    <Volume>271</Volume>    <Issue>5251</Issue>    <PubDate>      <Year>1996</Year>      <Month>Feb</Month>      <Day>16</Day>    </PubDate>  </JournalIssue>  <Title>Science (New York, N.Y.)</Title>  <ISOAbbreviation>Science</ISOAbbreviation></Journal>",NA,"<AuthorList CompleteYN=""Y"">  <Author ValidYN=""Y"">    <LastName>Marshall</LastName>    <ForeName>E</ForeName>    <Initials>E</Initials>  </Author></AuthorList>","<PublicationTypeList>  <PublicationType UI=""D016428"">Journal Article</PublicationType></PublicationTypeList>",NA
17798971,<DateCompleted>  <Year>2010</Year>  <Month>07</Month>  <Day>02</Day></DateCompleted>,NA,"<Journal>  <ISSN IssnType=""Print"">0036-8075</ISSN>  <JournalIssue CitedMedium=""Print"">    <Volume>240</Volume>    <Issue>4858</Issue>    <PubDate>      <Year>1988</Year>      <Month>Jun</Month>      <Day>10</Day>    </PubDate>  </JournalIssue>  <Title>Science (New York, N.Y.)</Title>  <ISOAbbreviation>Science</ISOAbbreviation></Journal>",NA,NA,"<PublicationTypeList>  <PublicationType UI=""D016428"">Journal Article</PublicationType></PublicationTypeList>",NA
17798972,<DateCompleted>  <Year>2010</Year>  <Month>07</Month>  <Day>02</Day></DateCompleted>,NA,"<Journal>  <ISSN IssnType=""Print"">0036-8075</ISSN>  <JournalIssue CitedMedium=""Print"">    <Volume>240</Volume>    <Issue>4858</Issue>    <PubDate>      <Year>1988</Year>      <Month>Jun</Month>      <Day>10</Day>    </PubDate>  </JournalIssue>  <Title>Science (New York, N.Y.)</Title>  <ISOAbbreviation>Science</ISOAbbreviation></Journal>",NA,"<AuthorList CompleteYN=""Y"">  <Author ValidYN=""Y"">    <LastName>Waldrop</LastName>    <ForeName>M M</ForeName>    <Initials>MM</Initials>  </Author></AuthorList>","<PublicationTypeList>  <PublicationType UI=""D016428"">Journal Article</PublicationType></PublicationTypeList>",NA
17798973,<DateCompleted>  <Year>2010</Year>  <Month>07</Month>  <Day>02</Day></DateCompleted>,NA,"<Journal>  <ISSN IssnType=""Print"">0036-8075</ISSN>  <JournalIssue CitedMedium=""Print"">    <Volume>240</Volume>    <Issue>4858</Issue>    <PubDate>      <Year>1988</Year>      <Month>Jun</Month>      <Day>10</Day>    </PubDate>  </JournalIssue>  <Title>Science (New York, N.Y.)</Title>  <ISOAbbreviation>Science</ISOAbbreviation></Journal>",NA,"<AuthorList CompleteYN=""Y"">  <Author ValidYN=""Y"">    <LastName>Sun</LastName>    <ForeName>M</ForeName>    <Initials>M</Initials>  </Author></AuthorList>","<PublicationTypeList>  <PublicationType UI=""D016428"">Journal Article</PublicationType></PublicationTypeList>",NA
17798974,<DateCompleted>  <Year>2010</Year>  <Month>07</Month>  <Day>02</Day></DateCompleted>,NA,"<Journal>  <ISSN IssnType=""Print"">0036-8075</ISSN>  <JournalIssue CitedMedium=""Print"">    <Volume>240</Volume>    <Issue>4858</Issue>    <PubDate>      <Year>1988</Year>      <Month>Jun</Month>      <Day>10</Day>    </PubDate>  </JournalIssue>  <Title>Science (New York, N.Y.)</Title>  <ISOAbbreviation>Science</ISOAbbreviation></Journal>",NA,"<AuthorList CompleteYN=""Y"">  <Author ValidYN=""Y"">    <LastName>Walsh</LastName>    <ForeName>J</ForeName>    <Initials>J</Initials>  </Author></AuthorList>","<PublicationTypeList>  <PublicationType UI=""D016428"">Journal Article</PublicationType></PublicationTypeList>",NA
17798975,<DateCompleted>  <Year>2010</Year>  <Month>07</Month>  <Day>02</Day></DateCompleted>,NA,"<Journal>  <ISSN IssnType=""Print"">0036-8075</ISSN>  <JournalIssue CitedMedium=""Print"">    <Volume>240</Volume>    <Issue>4858</Issue>    <PubDate>      <Year>1988</Year>      <Month>Jun</Month>      <Day>10</Day>    </PubDate>  </JournalIssue>  <Title>Science (New York, N.Y.)</Title>  <ISOAbbreviation>Science</ISOAbbreviation></Journal>",NA,"<AuthorList CompleteYN=""Y"">  <Author ValidYN=""Y"">    <LastName>N</LastName>    <ForeName>C</ForeName>    <Initials>C</Initials>  </Author></AuthorList>","<PublicationTypeList>  <PublicationType UI=""D016428"">Journal Article</PublicationType></PublicationTypeList>",NA
17798976,<DateCompleted>  <Year>2010</Year>  <Month>07</Month>  <Day>02</Day></DateCompleted>,NA,"<Journal>  <ISSN IssnType=""Print"">0036-8075</ISSN>  <JournalIssue CitedMedium=""Print"">    <Volume>240</Volume>    <Issue>4858</Issue>    <PubDate>      <Year>1988</Year>      <Month>Jun</Month>      <Day>10</Day>    </PubDate>  </JournalIssue>  <Title>Science (New York, N.Y.)</Title>  <ISOAbbreviation>Science</ISOAbbreviation></Journal>",NA,"<AuthorList CompleteYN=""Y"">  <Author ValidYN=""Y"">    <LastName>Kerr</LastName>    <ForeName>R A</ForeName>    <Initials>RA</Initials>  </Author></AuthorList>","<PublicationTypeList>  <PublicationType UI=""D016428"">Journal Article</PublicationType></PublicationTypeList>",NA
17798977,<DateCompleted>  <Year>2010</Year>  <Month>07</Month>  <Day>02</Day></DateCompleted>,NA,"<Journal>  <ISSN IssnType=""Print"">0036-8075</ISSN>  <JournalIssue CitedMedium=""Print"">    <Volume>240</Volume>    <Issue>4858</Issue>    <PubDate>      <Year>1988</Year>      <Month>Jun</Month>      <Day>10</Day>    </PubDate>  </JournalIssue>  <Title>Science (New York, N.Y.)</Title>  <ISOAbbreviation>Science</ISOAbbreviation></Journal>",NA,"<AuthorList CompleteYN=""Y"">  <Author ValidYN=""Y"">    <LastName>Byrne</LastName>    <ForeName>G</ForeName>    <Initials>G</Initials>  </Author></AuthorList>","<PublicationTypeList>  <PublicationType UI=""D016428"">Journal Article</PublicationType></PublicationTypeList>",NA
17798978,<DateCompleted>  <Year>2010</Year>  <Month>07</Month>  <Day>02</Day></DateCompleted>,NA,"<Journal>  <ISSN IssnType=""Print"">0036-8075</ISSN>  <JournalIssue CitedMedium=""Print"">    <Volume>240</Volume>    <Issue>4858</Issue>    <PubDate>      <Year>1988</Year>      <Month>Jun</Month>      <Day>10</Day>    </PubDate>  </JournalIssue>  <Title>Science (New York, N.Y.)</Title>  <ISOAbbreviation>Science</ISOAbbreviation></Journal>",NA,NA,"<PublicationTypeList>  <PublicationType UI=""D016428"">Journal Article</PublicationType></PublicationTypeList>",NA
17798979,<DateCompleted>  <Year>2010</Year>  <Month>07</Month>  <Day>02</Day></DateCompleted>,NA,"<Journal>  <ISSN IssnType=""Print"">0036-8075</ISSN>  <JournalIssue CitedMedium=""Print"">    <Volume>240</Volume>    <Issue>4858</Issue>    <PubDate>      <Year>1988</Year>      <Month>Jun</Month>      <Day>10</Day>    </PubDate>  </JournalIssue>  <Title>Science (New York, N.Y.)</Title>  <ISOAbbreviation>Science</ISOAbbreviation></Journal>",NA,NA,"<PublicationTypeList>  <PublicationType UI=""D016428"">Journal Article</PublicationType></PublicationTypeList>",NA
17798980,<DateCompleted>  <Year>2010</Year>  <Month>07</Month>  <Day>02</Day></DateCompleted>,NA,"<Journal>  <ISSN IssnType=""Print"">0036-8075</ISSN>  <JournalIssue CitedMedium=""Print"">    <Volume>240</Volume>    <Issue>4858</Issue>    <PubDate>      <Year>1988</Year>      <Month>Jun</Month>      <Day>10</Day>    </PubDate>  </JournalIssue>  <Title>Science (New York, N.Y.)</Title>  <ISOAbbreviation>Science</ISOAbbreviation></Journal>",NA,NA,"<PublicationTypeList>  <PublicationType UI=""D016428"">Journal Article</PublicationType></PublicationTypeList>",NA
17798981,<DateCompleted>  <Year>2010</Year>  <Month>07</Month>  <Day>02</Day></DateCompleted>,NA,"<Journal>  <ISSN IssnType=""Print"">0036-8075</ISSN>  <JournalIssue CitedMedium=""Print"">    <Volume>240</Volume>    <Issue>4858</Issue>    <PubDate>      <Year>1988</Year>      <Month>Jun</Month>      <Day>10</Day>    </PubDate>  </JournalIssue>  <Title>Science (New York, N.Y.)</Title>  <ISOAbbreviation>Science</ISOAbbreviation></Journal>",NA,"<AuthorList CompleteYN=""Y"">  <Author ValidYN=""Y"">    <LastName>Rudd</LastName>    <ForeName>J W</ForeName>    <Initials>JW</Initials>  </Author>  <Author ValidYN=""Y"">    <LastName>Kelly</LastName>    <ForeName>C A</ForeName>    <Initials>CA</Initials>  </Author>  <Author ValidYN=""Y"">    <LastName>Schindler</LastName>    <ForeName>D W</ForeName>    <Initials>DW</Initials>  </Author>  <Author ValidYN=""Y"">    <LastName>Turner</LastName>    <ForeName>M A</ForeName>    <Initials>MA</Initials>  </Author></AuthorList>","<PublicationTypeList>  <PublicationType UI=""D016428"">Journal Article</PublicationType></PublicationTypeList>",NA
17798982,<DateCompleted>  <Year>2010</Year>  <Month>07</Month>  <Day>02</Day></DateCompleted>,NA,"<Journal>  <ISSN IssnType=""Print"">0036-8075</ISSN>  <JournalIssue CitedMedium=""Print"">    <Volume>240</Volume>    <Issue>4858</Issue>    <PubDate>      <Year>1988</Year>      <Month>Jun</Month>      <Day>10</Day>    </PubDate>  </JournalIssue>  <Title>Science (New York, N.Y.)</Title>  <ISOAbbreviation>Science</ISOAbbreviation></Journal>",NA,"<AuthorList CompleteYN=""Y"">  <Author ValidYN=""Y"">    <LastName>Stahle</LastName>    <ForeName>D W</ForeName>    <Initials>DW</Initials>  </Author>  <Author ValidYN=""Y"">    <LastName>Cleaveland</LastName>    <ForeName>M K</ForeName>    <Initials>MK</Initials>  </Author>  <Author ValidYN=""Y"">    <LastName>Hehr</LastName>    <ForeName>J G</ForeName>    <Initials>JG</Initials>  </Author></AuthorList>","<PublicationTypeList>  <PublicationType UI=""D016428"">Journal Article</PublicationType></PublicationTypeList>",NA
17798984,<DateCompleted>  <Year>2010</Year>  <Month>07</Month>  <Day>02</Day></DateCompleted>,NA,"<Journal>  <ISSN IssnType=""Print"">0036-8075</ISSN>  <JournalIssue CitedMedium=""Print"">    <Volume>240</Volume>    <Issue>4858</Issue>    <PubDate>      <Year>1988</Year>      <Month>Jun</Month>      <Day>10</Day>    </PubDate>  </JournalIssue>  <Title>Science (New York, N.Y.)</Title>  <ISOAbbreviation>Science</ISOAbbreviation></Journal>",NA,"<AuthorList CompleteYN=""Y"">  <Author ValidYN=""Y"">    <LastName>York</LastName>    <ForeName>H F</ForeName>    <Initials>HF</Initials>  </Author></AuthorList>","<PublicationTypeList>  <PublicationType UI=""D016428"">Journal Article</PublicationType></PublicationTypeList>",NA
17798985,<DateCompleted>  <Year>2010</Year>  <Month>07</Month>  <Day>02</Day></DateCompleted>,NA,"<Journal>  <ISSN IssnType=""Print"">0036-8075</ISSN>  <JournalIssue CitedMedium=""Print"">    <Volume>240</Volume>    <Issue>4858</Issue>    <PubDate>      <Year>1988</Year>      <Month>Jun</Month>      <Day>10</Day>    </PubDate>  </JournalIssue>  <Title>Science (New York, N.Y.)</Title>  <ISOAbbreviation>Science</ISOAbbreviation></Journal>",NA,NA,"<PublicationTypeList>  <PublicationType UI=""D016428"">Journal Article</PublicationType></PublicationTypeList>",NA
17799170,<DateCompleted>  <Year>2010</Year>  <Month>07</Month>  <Day>02</Day></DateCompleted>,NA,"<Journal>  <ISSN IssnType=""Print"">0036-8075</ISSN>  <JournalIssue CitedMedium=""Print"">    <Volume>243</Volume>    <Issue>4890</Issue>    <PubDate>      <Year>1989</Year>      <Month>Jan</Month>      <Day>27</Day>    </PubDate>  </JournalIssue>  <Title>Science (New York, N.Y.)</Title>  <ISOAbbreviation>Science</ISOAbbreviation></Journal>",NA,NA,"<PublicationTypeList>  <PublicationType UI=""D016428"">Journal Article</PublicationType></PublicationTypeList>",NA
17799171,<DateCompleted>  <Year>2010</Year>  <Month>07</Month>  <Day>02</Day></DateCompleted>,NA,"<Journal>  <ISSN IssnType=""Print"">0036-8075</ISSN>  <JournalIssue CitedMedium=""Print"">    <Volume>243</Volume>    <Issue>4890</Issue>    <PubDate>      <Year>1989</Year>      <Month>Jan</Month>      <Day>27</Day>    </PubDate>  </JournalIssue>  <Title>Science (New York, N.Y.)</Title>  <ISOAbbreviation>Science</ISOAbbreviation></Journal>",NA,"<AuthorList CompleteYN=""Y"">  <Author ValidYN=""Y"">    <LastName>Abelson</LastName>    <ForeName>P H</ForeName>    <Initials>PH</Initials>  </Author></AuthorList>","<PublicationTypeList>  <PublicationType UI=""D016428"">Journal Article</PublicationType></PublicationTypeList>",NA
17799172,<DateCompleted>  <Year>2010</Year>  <Month>07</Month>  <Day>02</Day></DateCompleted>,NA,"<Journal>  <ISSN IssnType=""Print"">0036-8075</ISSN>  <JournalIssue CitedMedium=""Print"">    <Volume>243</Volume>    <Issue>4890</Issue>    <PubDate>      <Year>1989</Year>      <Month>Jan</Month>      <Day>27</Day>    </PubDate>  </JournalIssue>  <Title>Science (New York, N.Y.)</Title>  <ISOAbbreviation>Science</ISOAbbreviation></Journal>",NA,"<AuthorList CompleteYN=""Y"">  <Author ValidYN=""Y"">    <LastName>Daly</LastName>    <ForeName>M</ForeName>    <Initials>M</Initials>  </Author>  <Author ValidYN=""Y"">    <LastName>Wilson</LastName>    <ForeName>M</ForeName>    <Initials>M</Initials>  </Author></AuthorList>","<PublicationTypeList>  <PublicationType UI=""D016428"">Journal Article</PublicationType></PublicationTypeList>",NA
17799173,<DateCompleted>  <Year>2010</Year>  <Month>07</Month>  <Day>02</Day></DateCompleted>,NA,"<Journal>  <ISSN IssnType=""Print"">0036-8075</ISSN>  <JournalIssue CitedMedium=""Print"">    <Volume>243</Volume>    <Issue>4890</Issue>    <PubDate>      <Year>1989</Year>      <Month>Jan</Month>      <Day>27</Day>    </PubDate>  </JournalIssue>  <Title>Science (New York, N.Y.)</Title>  <ISOAbbreviation>Science</ISOAbbreviation></Journal>",NA,"<AuthorList CompleteYN=""Y"">  <Author ValidYN=""Y"">    <LastName>Crawford</LastName>    <ForeName>M</ForeName>    <Initials>M</Initials>  </Author></AuthorList>","<PublicationTypeList>  <PublicationType UI=""D016428"">Journal Article</PublicationType></PublicationTypeList>",NA
17799174,<DateCompleted>  <Year>2010</Year>  <Month>07</Month>  <Day>02</Day></DateCompleted>,NA,"<Journal>  <ISSN IssnType=""Print"">0036-8075</ISSN>  <JournalIssue CitedMedium=""Print"">    <Volume>243</Volume>    <Issue>4890</Issue>    <PubDate>      <Year>1989</Year>      <Month>Jan</Month>      <Day>27</Day>    </PubDate>  </JournalIssue>  <Title>Science (New York, N.Y.)</Title>  <ISOAbbreviation>Science</ISOAbbreviation></Journal>",NA,"<AuthorList CompleteYN=""Y"">  <Author ValidYN=""Y"">    <LastName>Dickson</LastName>    <ForeName>D</ForeName>    <Initials>D</Initials>  </Author></AuthorList>","<PublicationTypeList>  <PublicationType UI=""D016428"">Journal Article</PublicationType></PublicationTypeList>",NA
17799175,<DateCompleted>  <Year>2010</Year>  <Month>07</Month>  <Day>02</Day></DateCompleted>,NA,"<Journal>  <ISSN IssnType=""Print"">0036-8075</ISSN>  <JournalIssue CitedMedium=""Print"">    <Volume>243</Volume>    <Issue>4890</Issue>    <PubDate>      <Year>1989</Year>      <Month>Jan</Month>      <Day>27</Day>    </PubDate>  </JournalIssue>  <Title>Science (New York, N.Y.)</Title>  <ISOAbbreviation>Science</ISOAbbreviation></Journal>",NA,"<AuthorList CompleteYN=""Y"">  <Author ValidYN=""Y"">    <LastName>Holden</LastName>    <ForeName>C</ForeName>    <Initials>C</Initials>  </Author></AuthorList>","<PublicationTypeList>  <PublicationType UI=""D016428"">Journal Article</PublicationType></PublicationTypeList>",NA
17799176,<DateCompleted>  <Year>2010</Year>  <Month>07</Month>  <Day>02</Day></DateCompleted>,NA,"<Journal>  <ISSN IssnType=""Print"">0036-8075</ISSN>  <JournalIssue CitedMedium=""Print"">    <Volume>243</Volume>    <Issue>4890</Issue>    <PubDate>      <Year>1989</Year>      <Month>Jan</Month>      <Day>27</Day>    </PubDate>  </JournalIssue>  <Title>Science (New York, N.Y.)</Title>  <ISOAbbreviation>Science</ISOAbbreviation></Journal>",NA,"<AuthorList CompleteYN=""Y"">  <Author ValidYN=""Y"">    <LastName>Dickson</LastName>    <ForeName>D</ForeName>    <Initials>D</Initials>  </Author></AuthorList>","<PublicationTypeList>  <PublicationType UI=""D016428"">Journal Article</PublicationType></PublicationTypeList>",NA
17799177,<DateCompleted>  <Year>2010</Year>  <Month>07</Month>  <Day>02</Day></DateCompleted>,NA,"<Journal>  <ISSN IssnType=""Print"">0036-8075</ISSN>  <JournalIssue CitedMedium=""Print"">    <Volume>243</Volume>    <Issue>4890</Issue>    <PubDate>      <Year>1989</Year>      <Month>Jan</Month>      <Day>27</Day>    </PubDate>  </JournalIssue>  <Title>Science (New York, N.Y.)</Title>  <ISOAbbreviation>Science</ISOAbbreviation></Journal>",NA,"<AuthorList CompleteYN=""Y"">  <Author ValidYN=""Y"">    <LastName>Marshall</LastName>    <ForeName>E</ForeName>    <Initials>E</Initials>  </Author></AuthorList>","<PublicationTypeList>  <PublicationType UI=""D016428"">Journal Article</PublicationType></PublicationTypeList>",NA
17799178,<DateCompleted>  <Year>2010</Year>  <Month>07</Month>  <Day>02</Day></DateCompleted>,NA,"<Journal>  <ISSN IssnType=""Print"">0036-8075</ISSN>  <JournalIssue CitedMedium=""Print"">    <Volume>243</Volume>    <Issue>4890</Issue>    <PubDate>      <Year>1989</Year>      <Month>Jan</Month>      <Day>27</Day>    </PubDate>  </JournalIssue>  <Title>Science (New York, N.Y.)</Title>  <ISOAbbreviation>Science</ISOAbbreviation></Journal>",NA,"<AuthorList CompleteYN=""Y"">  <Author ValidYN=""Y"">    <LastName>Norman</LastName>    <ForeName>C</ForeName>    <Initials>C</Initials>  </Author></AuthorList>","<PublicationTypeList>  <PublicationType UI=""D016428"">Journal Article</PublicationType></PublicationTypeList>",NA
17799179,<DateCompleted>  <Year>2010</Year>  <Month>07</Month>  <Day>02</Day></DateCompleted>,NA,"<Journal>  <ISSN IssnType=""Print"">0036-8075</ISSN>  <JournalIssue CitedMedium=""Print"">    <Volume>243</Volume>    <Issue>4890</Issue>    <PubDate>      <Year>1989</Year>      <Month>Jan</Month>      <Day>27</Day>    </PubDate>  </JournalIssue>  <Title>Science (New York, N.Y.)</Title>  <ISOAbbreviation>Science</ISOAbbreviation></Journal>",NA,"<AuthorList CompleteYN=""Y"">  <Author ValidYN=""Y"">    <LastName>Booth</LastName>    <ForeName>W</ForeName>    <Initials>W</Initials>  </Author></AuthorList>","<PublicationTypeList>  <PublicationType UI=""D016428"">Journal Article</PublicationType></PublicationTypeList>",NA
17799180,<DateCompleted>  <Year>2010</Year>  <Month>07</Month>  <Day>02</Day></DateCompleted>,NA,"<Journal>  <ISSN IssnType=""Print"">0036-8075</ISSN>  <JournalIssue CitedMedium=""Print"">    <Volume>243</Volume>    <Issue>4890</Issue>    <PubDate>      <Year>1989</Year>      <Month>Jan</Month>      <Day>27</Day>    </PubDate>  </JournalIssue>  <Title>Science (New York, N.Y.)</Title>  <ISOAbbreviation>Science</ISOAbbreviation></Journal>",NA,"<AuthorList CompleteYN=""Y"">  <Author ValidYN=""Y"">    <LastName>Booth</LastName>    <ForeName>W</ForeName>    <Initials>W</Initials>  </Author></AuthorList>","<PublicationTypeList>  <PublicationType UI=""D016428"">Journal Article</PublicationType></PublicationTypeList>",NA
17799181,<DateCompleted>  <Year>2010</Year>  <Month>07</Month>  <Day>02</Day></DateCompleted>,NA,"<Journal>  <ISSN IssnType=""Print"">0036-8075</ISSN>  <JournalIssue CitedMedium=""Print"">    <Volume>243</Volume>    <Issue>4890</Issue>    <PubDate>      <Year>1989</Year>      <Month>Jan</Month>      <Day>27</Day>    </PubDate>  </JournalIssue>  <Title>Science (New York, N.Y.)</Title>  <ISOAbbreviation>Science</ISOAbbreviation></Journal>",NA,"<AuthorList CompleteYN=""Y"">  <Author ValidYN=""Y"">    <LastName>Norman</LastName>    <ForeName>C</ForeName>    <Initials>C</Initials>  </Author></AuthorList>","<PublicationTypeList>  <PublicationType UI=""D016428"">Journal Article</PublicationType></PublicationTypeList>",NA
17799182,<DateCompleted>  <Year>2010</Year>  <Month>07</Month>  <Day>02</Day></DateCompleted>,NA,"<Journal>  <ISSN IssnType=""Print"">0036-8075</ISSN>  <JournalIssue CitedMedium=""Print"">    <Volume>243</Volume>    <Issue>4890</Issue>    <PubDate>      <Year>1989</Year>      <Month>Jan</Month>      <Day>27</Day>    </PubDate>  </JournalIssue>  <Title>Science (New York, N.Y.)</Title>  <ISOAbbreviation>Science</ISOAbbreviation></Journal>",NA,"<AuthorList CompleteYN=""Y"">  <Author ValidYN=""Y"">    <LastName>Lewin</LastName>    <ForeName>R</ForeName>    <Initials>R</Initials>  </Author></AuthorList>","<PublicationTypeList>  <PublicationType UI=""D016428"">Journal Article</PublicationType></PublicationTypeList>",NA
17799183,<DateCompleted>  <Year>2010</Year>  <Month>07</Month>  <Day>02</Day></DateCompleted>,NA,"<Journal>  <ISSN IssnType=""Print"">0036-8075</ISSN>  <JournalIssue CitedMedium=""Print"">    <Volume>243</Volume>    <Issue>4890</Issue>    <PubDate>      <Year>1989</Year>      <Month>Jan</Month>      <Day>27</Day>    </PubDate>  </JournalIssue>  <Title>Science (New York, N.Y.)</Title>  <ISOAbbreviation>Science</ISOAbbreviation></Journal>",NA,"<AuthorList CompleteYN=""Y"">  <Author ValidYN=""Y"">    <LastName>Waldrop</LastName>    <ForeName>M M</ForeName>    <Initials>MM</Initials>  </Author></AuthorList>","<PublicationTypeList>  <PublicationType UI=""D016428"">Journal Article</PublicationType></PublicationTypeList>",NA
17799184,<DateCompleted>  <Year>2010</Year>  <Month>07</Month>  <Day>02</Day></DateCompleted>,NA,"<Journal>  <ISSN IssnType=""Print"">0036-8075</ISSN>  <JournalIssue CitedMedium=""Print"">    <Volume>243</Volume>    <Issue>4890</Issue>    <PubDate>      <Year>1989</Year>      <Month>Jan</Month>      <Day>27</Day>    </PubDate>  </JournalIssue>  <Title>Science (New York, N.Y.)</Title>  <ISOAbbreviation>Science</ISOAbbreviation></Journal>",NA,"<AuthorList CompleteYN=""Y"">  <Author ValidYN=""Y"">    <LastName>Kerr</LastName>    <ForeName>R A</ForeName>    <Initials>RA</Initials>  </Author></AuthorList>","<PublicationTypeList>  <PublicationType UI=""D016428"">Journal Article</PublicationType></PublicationTypeList>",NA
17799185,<DateCompleted>  <Year>2010</Year>  <Month>07</Month>  <Day>02</Day></DateCompleted>,NA,"<Journal>  <ISSN IssnType=""Print"">0036-8075</ISSN>  <JournalIssue CitedMedium=""Print"">    <Volume>243</Volume>    <Issue>4890</Issue>    <PubDate>      <Year>1989</Year>      <Month>Jan</Month>      <Day>27</Day>    </PubDate>  </JournalIssue>  <Title>Science (New York, N.Y.)</Title>  <ISOAbbreviation>Science</ISOAbbreviation></Journal>",NA,"<AuthorList CompleteYN=""Y"">  <Author ValidYN=""Y"">    <LastName>Stefan</LastName>    <ForeName>V</ForeName>    <Initials>V</Initials>  </Author>  <Author ValidYN=""Y"">    <LastName>Cohen</LastName>    <ForeName>B I</ForeName>    <Initials>BI</Initials>  </Author>  <Author ValidYN=""Y"">    <LastName>Joshi</LastName>    <ForeName>C</ForeName>    <Initials>C</Initials>  </Author></AuthorList>","<PublicationTypeList>  <PublicationType UI=""D016428"">Journal Article</PublicationType></PublicationTypeList>",NA
17799186,<DateCompleted>  <Year>2010</Year>  <Month>07</Month>  <Day>02</Day></DateCompleted>,NA,"<Journal>  <ISSN IssnType=""Print"">0036-8075</ISSN>  <JournalIssue CitedMedium=""Print"">    <Volume>243</Volume>    <Issue>4890</Issue>    <PubDate>      <Year>1989</Year>      <Month>Jan</Month>      <Day>27</Day>    </PubDate>  </JournalIssue>  <Title>Science (New York, N.Y.)</Title>  <ISOAbbreviation>Science</ISOAbbreviation></Journal>",NA,"<AuthorList CompleteYN=""Y"">  <Author ValidYN=""Y"">    <LastName>Prior</LastName>    <ForeName>D B</ForeName>    <Initials>DB</Initials>  </Author>  <Author ValidYN=""Y"">    <LastName>Doyle</LastName>    <ForeName>E H</ForeName>    <Initials>EH</Initials>  </Author>  <Author ValidYN=""Y"">    <LastName>Kaluza</LastName>    <ForeName>M J</ForeName>    <Initials>MJ</Initials>  </Author></AuthorList>","<PublicationTypeList>  <PublicationType UI=""D016428"">Journal Article</PublicationType></PublicationTypeList>",NA
17799187,<DateCompleted>  <Year>2010</Year>  <Month>07</Month>  <Day>02</Day></DateCompleted>,NA,"<Journal>  <ISSN IssnType=""Print"">0036-8075</ISSN>  <JournalIssue CitedMedium=""Print"">    <Volume>243</Volume>    <Issue>4890</Issue>    <PubDate>      <Year>1989</Year>      <Month>Jan</Month>      <Day>27</Day>    </PubDate>  </JournalIssue>  <Title>Science (New York, N.Y.)</Title>  <ISOAbbreviation>Science</ISOAbbreviation></Journal>",NA,"<AuthorList CompleteYN=""Y"">  <Author ValidYN=""Y"">    <LastName>Walker</LastName>    <ForeName>R J</ForeName>    <Initials>RJ</Initials>  </Author>  <Author ValidYN=""Y"">    <LastName>Morgan</LastName>    <ForeName>J W</ForeName>    <Initials>JW</Initials>  </Author></AuthorList>","<PublicationTypeList>  <PublicationType UI=""D016428"">Journal Article</PublicationType></PublicationTypeList>",NA
17799188,<DateCompleted>  <Year>2010</Year>  <Month>07</Month>  <Day>02</Day></DateCompleted>,NA,"<Journal>  <ISSN IssnType=""Print"">0036-8075</ISSN>  <JournalIssue CitedMedium=""Print"">    <Volume>243</Volume>    <Issue>4890</Issue>    <PubDate>      <Year>1989</Year>      <Month>Jan</Month>      <Day>27</Day>    </PubDate>  </JournalIssue>  <Title>Science (New York, N.Y.)</Title>  <ISOAbbreviation>Science</ISOAbbreviation></Journal>",NA,"<AuthorList CompleteYN=""Y"">  <Author ValidYN=""Y"">    <LastName>Chen</LastName>    <ForeName>G</ForeName>    <Initials>G</Initials>  </Author>  <Author ValidYN=""Y"">    <LastName>Langlois</LastName>    <ForeName>J M</ForeName>    <Initials>JM</Initials>  </Author>  <Author ValidYN=""Y"">    <LastName>Guo</LastName>    <ForeName>Y</ForeName>    <Initials>Y</Initials>  </Author>  <Author ValidYN=""Y"">    <LastName>Goddard</LastName>    <ForeName>W A</ForeName>    <Initials>WA</Initials>    <Suffix>3rd</Suffix>  </Author></AuthorList>","<PublicationTypeList>  <PublicationType UI=""D016428"">Journal Article</PublicationType></PublicationTypeList>",NA
17799189,<DateCompleted>  <Year>2010</Year>  <Month>07</Month>  <Day>02</Day></DateCompleted>,NA,"<Journal>  <ISSN IssnType=""Print"">0036-8075</ISSN>  <JournalIssue CitedMedium=""Print"">    <Volume>243</Volume>    <Issue>4890</Issue>    <PubDate>      <Year>1989</Year>      <Month>Jan</Month>      <Day>27</Day>    </PubDate>  </JournalIssue>  <Title>Science (New York, N.Y.)</Title>  <ISOAbbreviation>Science</ISOAbbreviation></Journal>",NA,"<AuthorList CompleteYN=""Y"">  <Author ValidYN=""Y"">    <LastName>Cohen</LastName>    <ForeName>M L</ForeName>    <Initials>ML</Initials>  </Author>  <Author ValidYN=""Y"">    <LastName>Falicov</LastName>    <ForeName>L M</ForeName>    <Initials>LM</Initials>  </Author></AuthorList>","<PublicationTypeList>  <PublicationType UI=""D016428"">Journal Article</PublicationType></PublicationTypeList>",NA
17799190,<DateCompleted>  <Year>2010</Year>  <Month>07</Month>  <Day>02</Day></DateCompleted>,NA,"<Journal>  <ISSN IssnType=""Print"">0036-8075</ISSN>  <JournalIssue CitedMedium=""Print"">    <Volume>243</Volume>    <Issue>4890</Issue>    <PubDate>      <Year>1989</Year>      <Month>Jan</Month>      <Day>27</Day>    </PubDate>  </JournalIssue>  <Title>Science (New York, N.Y.)</Title>  <ISOAbbreviation>Science</ISOAbbreviation></Journal>",NA,"<AuthorList CompleteYN=""Y"">  <Author ValidYN=""Y"">    <LastName>Bode</LastName>    <ForeName>H R</ForeName>    <Initials>HR</Initials>  </Author>  <Author ValidYN=""Y"">    <LastName>Steele</LastName>    <ForeName>R E</ForeName>    <Initials>RE</Initials>  </Author></AuthorList>","<PublicationTypeList>  <PublicationType UI=""D016428"">Journal Article</PublicationType></PublicationTypeList>",NA
17799191,<DateCompleted>  <Year>2010</Year>  <Month>07</Month>  <Day>02</Day></DateCompleted>,NA,"<Journal>  <ISSN IssnType=""Print"">0036-8075</ISSN>  <JournalIssue CitedMedium=""Print"">    <Volume>243</Volume>    <Issue>4890</Issue>    <PubDate>      <Year>1989</Year>      <Month>Jan</Month>      <Day>27</Day>    </PubDate>  </JournalIssue>  <Title>Science (New York, N.Y.)</Title>  <ISOAbbreviation>Science</ISOAbbreviation></Journal>",NA,"<AuthorList CompleteYN=""Y"">  <Author ValidYN=""Y"">    <LastName>Field</LastName>    <ForeName>K G</ForeName>    <Initials>KG</Initials>  </Author>  <Author ValidYN=""Y"">    <LastName>Olsen</LastName>    <ForeName>G J</ForeName>    <Initials>GJ</Initials>  </Author>  <Author ValidYN=""Y"">    <LastName>Giovannoni</LastName>    <ForeName>S J</ForeName>    <Initials>SJ</Initials>  </Author>  <Author ValidYN=""Y"">    <LastName>Raff</LastName>    <ForeName>E C</ForeName>    <Initials>EC</Initials>  </Author>  <Author ValidYN=""Y"">    <LastName>Pace</LastName>    <ForeName>N R</ForeName>    <Initials>NR</Initials>  </Author>  <Author ValidYN=""Y"">    <LastName>Raff</LastName>    <ForeName>R A</ForeName>    <Initials>RA</Initials>  </Author></AuthorList>","<PublicationTypeList>  <PublicationType UI=""D016428"">Journal Article</PublicationType></PublicationTypeList>",NA
17799192,<DateCompleted>  <Year>2010</Year>  <Month>07</Month>  <Day>02</Day></DateCompleted>,NA,"<Journal>  <ISSN IssnType=""Print"">0036-8075</ISSN>  <JournalIssue CitedMedium=""Print"">    <Volume>243</Volume>    <Issue>4890</Issue>    <PubDate>      <Year>1989</Year>      <Month>Jan</Month>      <Day>27</Day>    </PubDate>  </JournalIssue>  <Title>Science (New York, N.Y.)</Title>  <ISOAbbreviation>Science</ISOAbbreviation></Journal>",NA,"<AuthorList CompleteYN=""Y"">  <Author ValidYN=""Y"">    <LastName>Falk</LastName>    <ForeName>R</ForeName>    <Initials>R</Initials>  </Author></AuthorList>","<PublicationTypeList>  <PublicationType UI=""D016428"">Journal Article</PublicationType></PublicationTypeList>",NA
17799193,<DateCompleted>  <Year>2010</Year>  <Month>07</Month>  <Day>02</Day></DateCompleted>,NA,"<Journal>  <ISSN IssnType=""Print"">0036-8075</ISSN>  <JournalIssue CitedMedium=""Print"">    <Volume>243</Volume>    <Issue>4890</Issue>    <PubDate>      <Year>1989</Year>      <Month>Jan</Month>      <Day>27</Day>    </PubDate>  </JournalIssue>  <Title>Science (New York, N.Y.)</Title>  <ISOAbbreviation>Science</ISOAbbreviation></Journal>",NA,"<AuthorList CompleteYN=""Y"">  <Author ValidYN=""Y"">    <LastName>Wake</LastName>    <ForeName>D B</ForeName>    <Initials>DB</Initials>  </Author></AuthorList>","<PublicationTypeList>  <PublicationType UI=""D016428"">Journal Article</PublicationType></PublicationTypeList>",NA
17799194,<DateCompleted>  <Year>2010</Year>  <Month>07</Month>  <Day>02</Day></DateCompleted>,NA,"<Journal>  <ISSN IssnType=""Print"">0036-8075</ISSN>  <JournalIssue CitedMedium=""Print"">    <Volume>243</Volume>    <Issue>4890</Issue>    <PubDate>      <Year>1989</Year>      <Month>Jan</Month>      <Day>27</Day>    </PubDate>  </JournalIssue>  <Title>Science (New York, N.Y.)</Title>  <ISOAbbreviation>Science</ISOAbbreviation></Journal>",NA,NA,"<PublicationTypeList>  <PublicationType UI=""D016428"">Journal Article</PublicationType></PublicationTypeList>",NA
17799265,<DateCompleted>  <Year>2010</Year>  <Month>07</Month>  <Day>02</Day></DateCompleted>,NA,"<Journal>  <ISSN IssnType=""Print"">0036-8075</ISSN>  <JournalIssue CitedMedium=""Print"">    <Volume>251</Volume>    <Issue>4998</Issue>    <PubDate>      <Year>1991</Year>      <Month>Mar</Month>      <Day>08</Day>    </PubDate>  </JournalIssue>  <Title>Science (New York, N.Y.)</Title>  <ISOAbbreviation>Science</ISOAbbreviation></Journal>",NA,"<AuthorList CompleteYN=""Y"">  <Author ValidYN=""Y"">    <LastName>Guyer</LastName>    <ForeName>R L</ForeName>    <Initials>RL</Initials>  </Author></AuthorList>","<PublicationTypeList>  <PublicationType UI=""D016428"">Journal Article</PublicationType></PublicationTypeList>",NA
17799266,<DateCompleted>  <Year>2010</Year>  <Month>07</Month>  <Day>02</Day></DateCompleted>,NA,"<Journal>  <ISSN IssnType=""Print"">0036-8075</ISSN>  <JournalIssue CitedMedium=""Print"">    <Volume>251</Volume>    <Issue>4998</Issue>    <PubDate>      <Year>1991</Year>      <Month>Mar</Month>      <Day>08</Day>    </PubDate>  </JournalIssue>  <Title>Science (New York, N.Y.)</Title>  <ISOAbbreviation>Science</ISOAbbreviation></Journal>",NA,"<AuthorList CompleteYN=""Y"">  <Author ValidYN=""Y"">    <LastName>Koshland</LastName>    <ForeName>D E</ForeName>    <Initials>DE</Initials>    <Suffix>Jr</Suffix>  </Author></AuthorList>","<PublicationTypeList>  <PublicationType UI=""D016428"">Journal Article</PublicationType></PublicationTypeList>",NA
17799267,<DateCompleted>  <Year>2010</Year>  <Month>07</Month>  <Day>02</Day></DateCompleted>,NA,"<Journal>  <ISSN IssnType=""Print"">0036-8075</ISSN>  <JournalIssue CitedMedium=""Print"">    <Volume>251</Volume>    <Issue>4998</Issue>    <PubDate>      <Year>1991</Year>      <Month>Mar</Month>      <Day>08</Day>    </PubDate>  </JournalIssue>  <Title>Science (New York, N.Y.)</Title>  <ISOAbbreviation>Science</ISOAbbreviation></Journal>",NA,"<AuthorList CompleteYN=""Y"">  <Author ValidYN=""Y"">    <LastName>Poritz</LastName>    <ForeName>M A</ForeName>    <Initials>MA</Initials>  </Author>  <Author ValidYN=""Y"">    <LastName>Bernstein</LastName>    <ForeName>H D</ForeName>    <Initials>HD</Initials>  </Author>  <Author ValidYN=""Y"">    <LastName>Walter</LastName>    <ForeName>P</ForeName>    <Initials>P</Initials>  </Author></AuthorList>","<PublicationTypeList>  <PublicationType UI=""D016428"">Journal Article</PublicationType></PublicationTypeList>",NA
17799268,<DateCompleted>  <Year>2010</Year>  <Month>07</Month>  <Day>02</Day></DateCompleted>,NA,"<Journal>  <ISSN IssnType=""Print"">0036-8075</ISSN>  <JournalIssue CitedMedium=""Print"">    <Volume>251</Volume>    <Issue>4998</Issue>    <PubDate>      <Year>1991</Year>      <Month>Mar</Month>      <Day>08</Day>    </PubDate>  </JournalIssue>  <Title>Science (New York, N.Y.)</Title>  <ISOAbbreviation>Science</ISOAbbreviation></Journal>",NA,NA,"<PublicationTypeList>  <PublicationType UI=""D016428"">Journal Article</PublicationType></PublicationTypeList>",NA
17799269,<DateCompleted>  <Year>2010</Year>  <Month>07</Month>  <Day>02</Day></DateCompleted>,NA,"<Journal>  <ISSN IssnType=""Print"">0036-8075</ISSN>  <JournalIssue CitedMedium=""Print"">    <Volume>251</Volume>    <Issue>4998</Issue>    <PubDate>      <Year>1991</Year>      <Month>Mar</Month>      <Day>08</Day>    </PubDate>  </JournalIssue>  <Title>Science (New York, N.Y.)</Title>  <ISOAbbreviation>Science</ISOAbbreviation></Journal>",NA,"<AuthorList CompleteYN=""Y"">  <Author ValidYN=""Y"">    <LastName>Hart</LastName>    <ForeName>H</ForeName>    <Initials>H</Initials>  </Author></AuthorList>","<PublicationTypeList>  <PublicationType UI=""D016428"">Journal Article</PublicationType></PublicationTypeList>",NA
17799270,<DateCompleted>  <Year>2010</Year>  <Month>07</Month>  <Day>02</Day></DateCompleted>,NA,"<Journal>  <ISSN IssnType=""Print"">0036-8075</ISSN>  <JournalIssue CitedMedium=""Print"">    <Volume>251</Volume>    <Issue>4998</Issue>    <PubDate>      <Year>1991</Year>      <Month>Mar</Month>      <Day>08</Day>    </PubDate>  </JournalIssue>  <Title>Science (New York, N.Y.)</Title>  <ISOAbbreviation>Science</ISOAbbreviation></Journal>",NA,NA,"<PublicationTypeList>  <PublicationType UI=""D016428"">Journal Article</PublicationType></PublicationTypeList>",NA
17799271,<DateCompleted>  <Year>2010</Year>  <Month>07</Month>  <Day>02</Day></DateCompleted>,NA,"<Journal>  <ISSN IssnType=""Print"">0036-8075</ISSN>  <JournalIssue CitedMedium=""Print"">    <Volume>251</Volume>    <Issue>4998</Issue>    <PubDate>      <Year>1991</Year>      <Month>Mar</Month>      <Day>08</Day>    </PubDate>  </JournalIssue>  <Title>Science (New York, N.Y.)</Title>  <ISOAbbreviation>Science</ISOAbbreviation></Journal>",NA,"<AuthorList CompleteYN=""Y"">  <Author ValidYN=""Y"">    <LastName>H</LastName>    <ForeName>D P</ForeName>    <Initials>DP</Initials>  </Author></AuthorList>","<PublicationTypeList>  <PublicationType UI=""D016428"">Journal Article</PublicationType></PublicationTypeList>",NA
17799272,<DateCompleted>  <Year>2010</Year>  <Month>07</Month>  <Day>02</Day></DateCompleted>,NA,"<Journal>  <ISSN IssnType=""Print"">0036-8075</ISSN>  <JournalIssue CitedMedium=""Print"">    <Volume>251</Volume>    <Issue>4998</Issue>    <PubDate>      <Year>1991</Year>      <Month>Mar</Month>      <Day>08</Day>    </PubDate>  </JournalIssue>  <Title>Science (New York, N.Y.)</Title>  <ISOAbbreviation>Science</ISOAbbreviation></Journal>",NA,"<AuthorList CompleteYN=""Y"">  <Author ValidYN=""Y"">    <LastName>Moffat</LastName>    <ForeName>A S</ForeName>    <Initials>AS</Initials>  </Author></AuthorList>","<PublicationTypeList>  <PublicationType UI=""D016428"">Journal Article</PublicationType></PublicationTypeList>",NA
17799273,<DateCompleted>  <Year>2010</Year>  <Month>07</Month>  <Day>02</Day></DateCompleted>,NA,"<Journal>  <ISSN IssnType=""Print"">0036-8075</ISSN>  <JournalIssue CitedMedium=""Print"">    <Volume>251</Volume>    <Issue>4998</Issue>    <PubDate>      <Year>1991</Year>      <Month>Mar</Month>      <Day>08</Day>    </PubDate>  </JournalIssue>  <Title>Science (New York, N.Y.)</Title>  <ISOAbbreviation>Science</ISOAbbreviation></Journal>",NA,"<AuthorList CompleteYN=""Y"">  <Author ValidYN=""Y"">    <LastName>Holden</LastName>    <ForeName>C</ForeName>    <Initials>C</Initials>  </Author></AuthorList>","<PublicationTypeList>  <PublicationType UI=""D016428"">Journal Article</PublicationType></PublicationTypeList>",NA
17799274,<DateCompleted>  <Year>2010</Year>  <Month>07</Month>  <Day>02</Day></DateCompleted>,NA,"<Journal>  <ISSN IssnType=""Print"">0036-8075</ISSN>  <JournalIssue CitedMedium=""Print"">    <Volume>251</Volume>    <Issue>4998</Issue>    <PubDate>      <Year>1991</Year>      <Month>Mar</Month>      <Day>08</Day>    </PubDate>  </JournalIssue>  <Title>Science (New York, N.Y.)</Title>  <ISOAbbreviation>Science</ISOAbbreviation></Journal>",NA,"<AuthorList CompleteYN=""Y"">  <Author ValidYN=""Y"">    <LastName>Fergus</LastName>    <ForeName>C</ForeName>    <Initials>C</Initials>  </Author></AuthorList>","<PublicationTypeList>  <PublicationType UI=""D016428"">Journal Article</PublicationType></PublicationTypeList>",NA
17799275,<DateCompleted>  <Year>2010</Year>  <Month>07</Month>  <Day>02</Day></DateCompleted>,NA,"<Journal>  <ISSN IssnType=""Print"">0036-8075</ISSN>  <JournalIssue CitedMedium=""Print"">    <Volume>251</Volume>    <Issue>4998</Issue>    <PubDate>      <Year>1991</Year>      <Month>Mar</Month>      <Day>08</Day>    </PubDate>  </JournalIssue>  <Title>Science (New York, N.Y.)</Title>  <ISOAbbreviation>Science</ISOAbbreviation></Journal>",NA,"<AuthorList CompleteYN=""Y"">  <Author ValidYN=""Y"">    <LastName>Roberts</LastName>    <ForeName>L</ForeName>    <Initials>L</Initials>  </Author></AuthorList>","<PublicationTypeList>  <PublicationType UI=""D016428"">Journal Article</PublicationType></PublicationTypeList>",NA
17799276,<DateCompleted>  <Year>2010</Year>  <Month>07</Month>  <Day>02</Day></DateCompleted>,NA,"<Journal>  <ISSN IssnType=""Print"">0036-8075</ISSN>  <JournalIssue CitedMedium=""Print"">    <Volume>251</Volume>    <Issue>4998</Issue>    <PubDate>      <Year>1991</Year>      <Month>Mar</Month>      <Day>08</Day>    </PubDate>  </JournalIssue>  <Title>Science (New York, N.Y.)</Title>  <ISOAbbreviation>Science</ISOAbbreviation></Journal>",NA,"<AuthorList CompleteYN=""Y"">  <Author ValidYN=""Y"">    <LastName>Kerr</LastName>    <ForeName>R A</ForeName>    <Initials>RA</Initials>  </Author></AuthorList>","<PublicationTypeList>  <PublicationType UI=""D016428"">Journal Article</PublicationType></PublicationTypeList>",NA
17799277,<DateCompleted>  <Year>2010</Year>  <Month>07</Month>  <Day>02</Day></DateCompleted>,NA,"<Journal>  <ISSN IssnType=""Print"">0036-8075</ISSN>  <JournalIssue CitedMedium=""Print"">    <Volume>251</Volume>    <Issue>4998</Issue>    <PubDate>      <Year>1991</Year>      <Month>Mar</Month>      <Day>08</Day>    </PubDate>  </JournalIssue>  <Title>Science (New York, N.Y.)</Title>  <ISOAbbreviation>Science</ISOAbbreviation></Journal>",NA,"<AuthorList CompleteYN=""Y"">  <Author ValidYN=""Y"">    <LastName>O'brien</LastName>    <ForeName>S J</ForeName>    <Initials>SJ</Initials>  </Author>  <Author ValidYN=""Y"">    <LastName>Mayr</LastName>    <ForeName>E</ForeName>    <Initials>E</Initials>  </Author></AuthorList>","<PublicationTypeList>  <PublicationType UI=""D016428"">Journal Article</PublicationType></PublicationTypeList>",NA
17799278,<DateCompleted>  <Year>2010</Year>  <Month>07</Month>  <Day>02</Day></DateCompleted>,NA,"<Journal>  <ISSN IssnType=""Print"">0036-8075</ISSN>  <JournalIssue CitedMedium=""Print"">    <Volume>251</Volume>    <Issue>4998</Issue>    <PubDate>      <Year>1991</Year>      <Month>Mar</Month>      <Day>08</Day>    </PubDate>  </JournalIssue>  <Title>Science (New York, N.Y.)</Title>  <ISOAbbreviation>Science</ISOAbbreviation></Journal>",NA,"<AuthorList CompleteYN=""Y"">  <Author ValidYN=""Y"">    <LastName>Vernez</LastName>    <ForeName>G</ForeName>    <Initials>G</Initials>  </Author>  <Author ValidYN=""Y"">    <LastName>Ronfeldt</LastName>    <ForeName>D</ForeName>    <Initials>D</Initials>  </Author></AuthorList>","<PublicationTypeList>  <PublicationType UI=""D016428"">Journal Article</PublicationType></PublicationTypeList>",NA
17799279,<DateCompleted>  <Year>2010</Year>  <Month>07</Month>  <Day>02</Day></DateCompleted>,NA,"<Journal>  <ISSN IssnType=""Print"">0036-8075</ISSN>  <JournalIssue CitedMedium=""Print"">    <Volume>251</Volume>    <Issue>4998</Issue>    <PubDate>      <Year>1991</Year>      <Month>Mar</Month>      <Day>08</Day>    </PubDate>  </JournalIssue>  <Title>Science (New York, N.Y.)</Title>  <ISOAbbreviation>Science</ISOAbbreviation></Journal>",NA,"<AuthorList CompleteYN=""Y"">  <Author ValidYN=""Y"">    <LastName>Olive</LastName>    <ForeName>K A</ForeName>    <Initials>KA</Initials>  </Author></AuthorList>","<PublicationTypeList>  <PublicationType UI=""D016428"">Journal Article</PublicationType></PublicationTypeList>",NA
17799280,<DateCompleted>  <Year>2010</Year>  <Month>07</Month>  <Day>02</Day></DateCompleted>,NA,"<Journal>  <ISSN IssnType=""Print"">0036-8075</ISSN>  <JournalIssue CitedMedium=""Print"">    <Volume>251</Volume>    <Issue>4998</Issue>    <PubDate>      <Year>1991</Year>      <Month>Mar</Month>      <Day>08</Day>    </PubDate>  </JournalIssue>  <Title>Science (New York, N.Y.)</Title>  <ISOAbbreviation>Science</ISOAbbreviation></Journal>",NA,"<AuthorList CompleteYN=""Y"">  <Author ValidYN=""Y"">    <LastName>Whitman</LastName>    <ForeName>L J</ForeName>    <Initials>LJ</Initials>  </Author>  <Author ValidYN=""Y"">    <LastName>Stroscio</LastName>    <ForeName>J A</ForeName>    <Initials>JA</Initials>  </Author>  <Author ValidYN=""Y"">    <LastName>Dragoset</LastName>    <ForeName>R A</ForeName>    <Initials>RA</Initials>  </Author>  <Author ValidYN=""Y"">    <LastName>Celotta</LastName>    <ForeName>R J</ForeName>    <Initials>RJ</Initials>  </Author></AuthorList>","<PublicationTypeList>  <PublicationType UI=""D016428"">Journal Article</PublicationType></PublicationTypeList>",NA
17799281,<DateCompleted>  <Year>2010</Year>  <Month>07</Month>  <Day>02</Day></DateCompleted>,NA,"<Journal>  <ISSN IssnType=""Print"">0036-8075</ISSN>  <JournalIssue CitedMedium=""Print"">    <Volume>251</Volume>    <Issue>4998</Issue>    <PubDate>      <Year>1991</Year>      <Month>Mar</Month>      <Day>08</Day>    </PubDate>  </JournalIssue>  <Title>Science (New York, N.Y.)</Title>  <ISOAbbreviation>Science</ISOAbbreviation></Journal>",NA,"<AuthorList CompleteYN=""Y"">  <Author ValidYN=""Y"">    <LastName>Terminello</LastName>    <ForeName>L J</ForeName>    <Initials>LJ</Initials>  </Author>  <Author ValidYN=""Y"">    <LastName>Barton</LastName>    <ForeName>J J</ForeName>    <Initials>JJ</Initials>  </Author></AuthorList>","<PublicationTypeList>  <PublicationType UI=""D016428"">Journal Article</PublicationType></PublicationTypeList>",NA
17799282,<DateCompleted>  <Year>2010</Year>  <Month>07</Month>  <Day>02</Day></DateCompleted>,NA,"<Journal>  <ISSN IssnType=""Print"">0036-8075</ISSN>  <JournalIssue CitedMedium=""Print"">    <Volume>251</Volume>    <Issue>4998</Issue>    <PubDate>      <Year>1991</Year>      <Month>Mar</Month>      <Day>08</Day>    </PubDate>  </JournalIssue>  <Title>Science (New York, N.Y.)</Title>  <ISOAbbreviation>Science</ISOAbbreviation></Journal>",NA,"<AuthorList CompleteYN=""Y"">  <Author ValidYN=""Y"">    <LastName>Sangwan</LastName>    <ForeName>I</ForeName>    <Initials>I</Initials>  </Author>  <Author ValidYN=""Y"">    <LastName>O'brian</LastName>    <ForeName>M R</ForeName>    <Initials>MR</Initials>  </Author></AuthorList>","<PublicationTypeList>  <PublicationType UI=""D016428"">Journal Article</PublicationType></PublicationTypeList>",NA
17799283,<DateCompleted>  <Year>2010</Year>  <Month>07</Month>  <Day>02</Day></DateCompleted>,NA,"<Journal>  <ISSN IssnType=""Print"">0036-8075</ISSN>  <JournalIssue CitedMedium=""Print"">    <Volume>251</Volume>    <Issue>4998</Issue>    <PubDate>      <Year>1991</Year>      <Month>Mar</Month>      <Day>08</Day>    </PubDate>  </JournalIssue>  <Title>Science (New York, N.Y.)</Title>  <ISOAbbreviation>Science</ISOAbbreviation></Journal>",NA,"<AuthorList CompleteYN=""Y"">  <Author ValidYN=""Y"">    <LastName>Scheinman</LastName>    <ForeName>L</ForeName>    <Initials>L</Initials>  </Author></AuthorList>","<PublicationTypeList>  <PublicationType UI=""D016428"">Journal Article</PublicationType></PublicationTypeList>",NA
17799284,<DateCompleted>  <Year>2010</Year>  <Month>07</Month>  <Day>02</Day></DateCompleted>,NA,"<Journal>  <ISSN IssnType=""Print"">0036-8075</ISSN>  <JournalIssue CitedMedium=""Print"">    <Volume>251</Volume>    <Issue>4998</Issue>    <PubDate>      <Year>1991</Year>      <Month>Mar</Month>      <Day>08</Day>    </PubDate>  </JournalIssue>  <Title>Science (New York, N.Y.)</Title>  <ISOAbbreviation>Science</ISOAbbreviation></Journal>",NA,"<AuthorList CompleteYN=""Y"">  <Author ValidYN=""Y"">    <LastName>Miller</LastName>    <ForeName>J H</ForeName>    <Initials>JH</Initials>  </Author></AuthorList>","<PublicationTypeList>  <PublicationType UI=""D016428"">Journal Article</PublicationType></PublicationTypeList>",NA
17799285,<DateCompleted>  <Year>2010</Year>  <Month>07</Month>  <Day>02</Day></DateCompleted>,NA,"<Journal>  <ISSN IssnType=""Print"">0036-8075</ISSN>  <JournalIssue CitedMedium=""Print"">    <Volume>251</Volume>    <Issue>4998</Issue>    <PubDate>      <Year>1991</Year>      <Month>Mar</Month>      <Day>08</Day>    </PubDate>  </JournalIssue>  <Title>Science (New York, N.Y.)</Title>  <ISOAbbreviation>Science</ISOAbbreviation></Journal>",NA,"<AuthorList CompleteYN=""Y"">  <Author ValidYN=""Y"">    <LastName>Teghtsoonian</LastName>    <ForeName>R</ForeName>    <Initials>R</Initials>  </Author></AuthorList>","<PublicationTypeList>  <PublicationType UI=""D016428"">Journal Article</PublicationType></PublicationTypeList>",NA
17799286,<DateCompleted>  <Year>2010</Year>  <Month>07</Month>  <Day>02</Day></DateCompleted>,NA,"<Journal>  <ISSN IssnType=""Print"">0036-8075</ISSN>  <JournalIssue CitedMedium=""Print"">    <Volume>251</Volume>    <Issue>4998</Issue>    <PubDate>      <Year>1991</Year>      <Month>Mar</Month>      <Day>08</Day>    </PubDate>  </JournalIssue>  <Title>Science (New York, N.Y.)</Title>  <ISOAbbreviation>Science</ISOAbbreviation></Journal>",NA,NA,"<PublicationTypeList>  <PublicationType UI=""D016428"">Journal Article</PublicationType></PublicationTypeList>",NA
17799382,<DateCompleted>  <Year>2010</Year>  <Month>07</Month>  <Day>02</Day></DateCompleted>,NA,"<Journal>  <ISSN IssnType=""Print"">0036-8075</ISSN>  <JournalIssue CitedMedium=""Print"">    <Volume>289</Volume>    <Issue>5487</Issue>    <PubDate>      <Year>2000</Year>      <Month>Sep</Month>      <Day>22</Day>    </PubDate>  </JournalIssue>  <Title>Science (New York, N.Y.)</Title>  <ISOAbbreviation>Science</ISOAbbreviation></Journal>",NA,"<AuthorList CompleteYN=""Y"">  <Author ValidYN=""Y"">    <LastName>Morton</LastName>    <ForeName>O</ForeName>    <Initials>O</Initials>  </Author></AuthorList>","<PublicationTypeList>  <PublicationType UI=""D016428"">Journal Article</PublicationType></PublicationTypeList>",NA
17799383,<DateCompleted>  <Year>2010</Year>  <Month>07</Month>  <Day>02</Day></DateCompleted>,NA,"<Journal>  <ISSN IssnType=""Print"">0036-8075</ISSN>  <JournalIssue CitedMedium=""Print"">    <Volume>289</Volume>    <Issue>5487</Issue>    <PubDate>      <Year>2000</Year>      <Month>Sep</Month>      <Day>22</Day>    </PubDate>  </JournalIssue>  <Title>Science (New York, N.Y.)</Title>  <ISOAbbreviation>Science</ISOAbbreviation></Journal>",NA,"<AuthorList CompleteYN=""Y"">  <Author ValidYN=""Y"">    <LastName>Lawler</LastName>    <ForeName>A</ForeName>    <Initials>A</Initials>  </Author></AuthorList>","<PublicationTypeList>  <PublicationType UI=""D016428"">Journal Article</PublicationType></PublicationTypeList>",NA
17799384,<DateCompleted>  <Year>2010</Year>  <Month>07</Month>  <Day>02</Day></DateCompleted>,NA,"<Journal>  <ISSN IssnType=""Print"">0036-8075</ISSN>  <JournalIssue CitedMedium=""Print"">    <Volume>289</Volume>    <Issue>5487</Issue>    <PubDate>      <Year>2000</Year>      <Month>Sep</Month>      <Day>22</Day>    </PubDate>  </JournalIssue>  <Title>Science (New York, N.Y.)</Title>  <ISOAbbreviation>Science</ISOAbbreviation></Journal>",NA,"<AuthorList CompleteYN=""Y"">  <Author ValidYN=""Y"">    <LastName>Hellemans</LastName>    <ForeName>A</ForeName>    <Initials>A</Initials>  </Author></AuthorList>","<PublicationTypeList>  <PublicationType UI=""D016428"">Journal Article</PublicationType></PublicationTypeList>",NA
17799385,<DateCompleted>  <Year>2010</Year>  <Month>07</Month>  <Day>02</Day></DateCompleted>,NA,"<Journal>  <ISSN IssnType=""Print"">0036-8075</ISSN>  <JournalIssue CitedMedium=""Print"">    <Volume>289</Volume>    <Issue>5487</Issue>    <PubDate>      <Year>2000</Year>      <Month>Sep</Month>      <Day>22</Day>    </PubDate>  </JournalIssue>  <Title>Science (New York, N.Y.)</Title>  <ISOAbbreviation>Science</ISOAbbreviation></Journal>",NA,"<AuthorList CompleteYN=""Y"">  <Author ValidYN=""Y"">    <LastName>Koenig</LastName>    <ForeName>R</ForeName>    <Initials>R</Initials>  </Author></AuthorList>","<PublicationTypeList>  <PublicationType UI=""D016428"">Journal Article</PublicationType></PublicationTypeList>",NA
17799386,<DateCompleted>  <Year>2010</Year>  <Month>07</Month>  <Day>02</Day></DateCompleted>,NA,"<Journal>  <ISSN IssnType=""Print"">0036-8075</ISSN>  <JournalIssue CitedMedium=""Print"">    <Volume>289</Volume>    <Issue>5487</Issue>    <PubDate>      <Year>2000</Year>      <Month>Sep</Month>      <Day>22</Day>    </PubDate>  </JournalIssue>  <Title>Science (New York, N.Y.)</Title>  <ISOAbbreviation>Science</ISOAbbreviation></Journal>",NA,"<AuthorList CompleteYN=""Y"">  <Author ValidYN=""Y"">    <LastName>Kerr</LastName>    <ForeName>R A</ForeName>    <Initials>RA</Initials>  </Author></AuthorList>","<PublicationTypeList>  <PublicationType UI=""D016428"">Journal Article</PublicationType></PublicationTypeList>",NA
17799387,<DateCompleted>  <Year>2010</Year>  <Month>07</Month>  <Day>02</Day></DateCompleted>,NA,"<Journal>  <ISSN IssnType=""Print"">0036-8075</ISSN>  <JournalIssue CitedMedium=""Print"">    <Volume>289</Volume>    <Issue>5487</Issue>    <PubDate>      <Year>2000</Year>      <Month>Sep</Month>      <Day>22</Day>    </PubDate>  </JournalIssue>  <Title>Science (New York, N.Y.)</Title>  <ISOAbbreviation>Science</ISOAbbreviation></Journal>",NA,"<AuthorList CompleteYN=""Y"">  <Author ValidYN=""Y"">    <LastName>Lawler</LastName>    <ForeName>A</ForeName>    <Initials>A</Initials>  </Author></AuthorList>","<PublicationTypeList>  <PublicationType UI=""D016428"">Journal Article</PublicationType></PublicationTypeList>",NA
17799388,<DateCompleted>  <Year>2010</Year>  <Month>07</Month>  <Day>02</Day></DateCompleted>,NA,"<Journal>  <ISSN IssnType=""Print"">0036-8075</ISSN>  <JournalIssue CitedMedium=""Print"">    <Volume>289</Volume>    <Issue>5487</Issue>    <PubDate>      <Year>2000</Year>      <Month>Sep</Month>      <Day>22</Day>    </PubDate>  </JournalIssue>  <Title>Science (New York, N.Y.)</Title>  <ISOAbbreviation>Science</ISOAbbreviation></Journal>",NA,"<AuthorList CompleteYN=""Y"">  <Author ValidYN=""Y"">    <LastName>Barinaga</LastName>    <ForeName>M</ForeName>    <Initials>M</Initials>  </Author></AuthorList>","<PublicationTypeList>  <PublicationType UI=""D016428"">Journal Article</PublicationType></PublicationTypeList>",NA
17799389,<DateCompleted>  <Year>2010</Year>  <Month>07</Month>  <Day>02</Day></DateCompleted>,NA,"<Journal>  <ISSN IssnType=""Print"">0036-8075</ISSN>  <JournalIssue CitedMedium=""Print"">    <Volume>289</Volume>    <Issue>5487</Issue>    <PubDate>      <Year>2000</Year>      <Month>Sep</Month>      <Day>22</Day>    </PubDate>  </JournalIssue>  <Title>Science (New York, N.Y.)</Title>  <ISOAbbreviation>Science</ISOAbbreviation></Journal>",NA,"<AuthorList CompleteYN=""Y"">  <Author ValidYN=""Y"">    <LastName>Barinaga</LastName>    <ForeName>M</ForeName>    <Initials>M</Initials>  </Author></AuthorList>","<PublicationTypeList>  <PublicationType UI=""D016428"">Journal Article</PublicationType></PublicationTypeList>",NA
17799390,<DateCompleted>  <Year>2010</Year>  <Month>07</Month>  <Day>02</Day></DateCompleted>,NA,"<Journal>  <ISSN IssnType=""Print"">0036-8075</ISSN>  <JournalIssue CitedMedium=""Print"">    <Volume>289</Volume>    <Issue>5487</Issue>    <PubDate>      <Year>2000</Year>      <Month>Sep</Month>      <Day>22</Day>    </PubDate>  </JournalIssue>  <Title>Science (New York, N.Y.)</Title>  <ISOAbbreviation>Science</ISOAbbreviation></Journal>",NA,"<AuthorList CompleteYN=""Y"">  <Author ValidYN=""Y"">    <LastName>Barinaga</LastName>    <ForeName>M</ForeName>    <Initials>M</Initials>  </Author></AuthorList>","<PublicationTypeList>  <PublicationType UI=""D016428"">Journal Article</PublicationType></PublicationTypeList>",NA
17799391,<DateCompleted>  <Year>2010</Year>  <Month>07</Month>  <Day>02</Day></DateCompleted>,NA,"<Journal>  <ISSN IssnType=""Print"">0036-8075</ISSN>  <JournalIssue CitedMedium=""Print"">    <Volume>289</Volume>    <Issue>5487</Issue>    <PubDate>      <Year>2000</Year>      <Month>Sep</Month>      <Day>22</Day>    </PubDate>  </JournalIssue>  <Title>Science (New York, N.Y.)</Title>  <ISOAbbreviation>Science</ISOAbbreviation></Journal>",NA,"<AuthorList CompleteYN=""Y"">  <Author ValidYN=""Y"">    <LastName>Enserink</LastName>    <ForeName>M</ForeName>    <Initials>M</Initials>  </Author></AuthorList>","<PublicationTypeList>  <PublicationType UI=""D016428"">Journal Article</PublicationType></PublicationTypeList>",NA
17799392,<DateCompleted>  <Year>2010</Year>  <Month>07</Month>  <Day>02</Day></DateCompleted>,NA,"<Journal>  <ISSN IssnType=""Print"">0036-8075</ISSN>  <JournalIssue CitedMedium=""Print"">    <Volume>289</Volume>    <Issue>5487</Issue>    <PubDate>      <Year>2000</Year>      <Month>Sep</Month>      <Day>22</Day>    </PubDate>  </JournalIssue>  <Title>Science (New York, N.Y.)</Title>  <ISOAbbreviation>Science</ISOAbbreviation></Journal>",NA,"<AuthorList CompleteYN=""Y"">  <Author ValidYN=""Y"">    <LastName>Smith</LastName>    <ForeName>S M</ForeName>    <Initials>SM</Initials>  </Author></AuthorList>","<PublicationTypeList>  <PublicationType UI=""D016428"">Journal Article</PublicationType></PublicationTypeList>",NA
17799393,<DateCompleted>  <Year>2010</Year>  <Month>07</Month>  <Day>02</Day></DateCompleted>,NA,"<Journal>  <ISSN IssnType=""Print"">0036-8075</ISSN>  <JournalIssue CitedMedium=""Print"">    <Volume>289</Volume>    <Issue>5487</Issue>    <PubDate>      <Year>2000</Year>      <Month>Sep</Month>      <Day>22</Day>    </PubDate>  </JournalIssue>  <Title>Science (New York, N.Y.)</Title>  <ISOAbbreviation>Science</ISOAbbreviation></Journal>",NA,"<AuthorList CompleteYN=""Y"">  <Author ValidYN=""Y"">    <LastName>Weber</LastName>    <ForeName>W J</ForeName>    <Initials>WJ</Initials>  </Author>  <Author ValidYN=""Y"">    <LastName>Ewing</LastName>    <ForeName>R C</ForeName>    <Initials>RC</Initials>  </Author></AuthorList>","<PublicationTypeList>  <PublicationType UI=""D016428"">Journal Article</PublicationType></PublicationTypeList>",NA
17799394,<DateCompleted>  <Year>2010</Year>  <Month>07</Month>  <Day>02</Day></DateCompleted>,NA,"<Journal>  <ISSN IssnType=""Print"">0036-8075</ISSN>  <JournalIssue CitedMedium=""Print"">    <Volume>289</Volume>    <Issue>5487</Issue>    <PubDate>      <Year>2000</Year>      <Month>Sep</Month>      <Day>22</Day>    </PubDate>  </JournalIssue>  <Title>Science (New York, N.Y.)</Title>  <ISOAbbreviation>Science</ISOAbbreviation></Journal>",NA,"<AuthorList CompleteYN=""Y"">  <Author ValidYN=""Y"">    <LastName>Delft</LastName>    <ForeName>J</ForeName>    <Initials>J</Initials>  </Author></AuthorList>","<PublicationTypeList>  <PublicationType UI=""D016428"">Journal Article</PublicationType></PublicationTypeList>",NA
17799395,<DateCompleted>  <Year>2010</Year>  <Month>07</Month>  <Day>02</Day></DateCompleted>,NA,"<Journal>  <ISSN IssnType=""Print"">0036-8075</ISSN>  <JournalIssue CitedMedium=""Print"">    <Volume>289</Volume>    <Issue>5487</Issue>    <PubDate>      <Year>2000</Year>      <Month>Sep</Month>      <Day>22</Day>    </PubDate>  </JournalIssue>  <Title>Science (New York, N.Y.)</Title>  <ISOAbbreviation>Science</ISOAbbreviation></Journal>",NA,"<AuthorList CompleteYN=""Y"">  <Author ValidYN=""Y"">    <LastName>Binzel</LastName>    <ForeName>R P</ForeName>    <Initials>RP</Initials>  </Author></AuthorList>","<PublicationTypeList>  <PublicationType UI=""D016428"">Journal Article</PublicationType></PublicationTypeList>",NA
17799715,<DateCompleted>  <Year>2010</Year>  <Month>07</Month>  <Day>02</Day></DateCompleted>,NA,"<Journal>  <ISSN IssnType=""Print"">0036-8075</ISSN>  <JournalIssue CitedMedium=""Print"">    <Volume>242</Volume>    <Issue>4882</Issue>    <PubDate>      <Year>1988</Year>      <Month>Nov</Month>      <Day>25</Day>    </PubDate>  </JournalIssue>  <Title>Science (New York, N.Y.)</Title>  <ISOAbbreviation>Science</ISOAbbreviation></Journal>",NA,NA,"<PublicationTypeList>  <PublicationType UI=""D016428"">Journal Article</PublicationType></PublicationTypeList>",NA
17799716,<DateCompleted>  <Year>2010</Year>  <Month>07</Month>  <Day>02</Day></DateCompleted>,NA,"<Journal>  <ISSN IssnType=""Print"">0036-8075</ISSN>  <JournalIssue CitedMedium=""Print"">    <Volume>242</Volume>    <Issue>4882</Issue>    <PubDate>      <Year>1988</Year>      <Month>Nov</Month>      <Day>25</Day>    </PubDate>  </JournalIssue>  <Title>Science (New York, N.Y.)</Title>  <ISOAbbreviation>Science</ISOAbbreviation></Journal>",NA,"<AuthorList CompleteYN=""Y"">  <Author ValidYN=""Y"">    <LastName>Scotto</LastName>    <ForeName>J</ForeName>    <Initials>J</Initials>  </Author>  <Author ValidYN=""Y"">    <LastName>Cotton</LastName>    <ForeName>G</ForeName>    <Initials>G</Initials>  </Author>  <Author ValidYN=""Y"">    <LastName>Urbach</LastName>    <ForeName>F</ForeName>    <Initials>F</Initials>  </Author>  <Author ValidYN=""Y"">    <LastName>Berger</LastName>    <ForeName>D D</ForeName>    <Initials>DD</Initials>  </Author>  <Author ValidYN=""Y"">    <LastName>Fears</LastName>    <ForeName>T</ForeName>    <Initials>T</Initials>  </Author></AuthorList>","<PublicationTypeList>  <PublicationType UI=""D016428"">Journal Article</PublicationType></PublicationTypeList>",NA
17799717,<DateCompleted>  <Year>2010</Year>  <Month>07</Month>  <Day>02</Day></DateCompleted>,NA,"<Journal>  <ISSN IssnType=""Print"">0036-8075</ISSN>  <JournalIssue CitedMedium=""Print"">    <Volume>242</Volume>    <Issue>4882</Issue>    <PubDate>      <Year>1988</Year>      <Month>Nov</Month>      <Day>25</Day>    </PubDate>  </JournalIssue>  <Title>Science (New York, N.Y.)</Title>  <ISOAbbreviation>Science</ISOAbbreviation></Journal>",NA,"<AuthorList CompleteYN=""Y"">  <Author ValidYN=""Y"">    <LastName>Dickson</LastName>    <ForeName>D</ForeName>    <Initials>D</Initials>  </Author></AuthorList>","<PublicationTypeList>  <PublicationType UI=""D016428"">Journal Article</PublicationType></PublicationTypeList>",NA
17799718,<DateCompleted>  <Year>2010</Year>  <Month>07</Month>  <Day>02</Day></DateCompleted>,NA,"<Journal>  <ISSN IssnType=""Print"">0036-8075</ISSN>  <JournalIssue CitedMedium=""Print"">    <Volume>242</Volume>    <Issue>4882</Issue>    <PubDate>      <Year>1988</Year>      <Month>Nov</Month>      <Day>25</Day>    </PubDate>  </JournalIssue>  <Title>Science (New York, N.Y.)</Title>  <ISOAbbreviation>Science</ISOAbbreviation></Journal>",NA,"<AuthorList CompleteYN=""Y"">  <Author ValidYN=""Y"">    <LastName>Waldrop</LastName>    <ForeName>M M</ForeName>    <Initials>MM</Initials>  </Author></AuthorList>","<PublicationTypeList>  <PublicationType UI=""D016428"">Journal Article</PublicationType></PublicationTypeList>",NA
